timestamp,fs_size_bytes,fs_free_bytes,fs_avail_bytes,tsdb_blocks_bytes,tsdb_wal_bytes,head_series_max,host_boot_time
1788801300,,,,0,280459,835,
1788804900,,,,0,1738951,1205,
1788808500,,,,0,3255006,1205,
1788812100,,,,305561,4799005,1205,
1788815700,,,,846193,6372610,1205,
1788819300,,,,846193,7926696,1205,
1788822900,,,,1368945,9490937,1221,
1788826500,,,,1368945,11072162,1221,
1788830100,,,,1894073,6707856,1221,
1788833700,,,,1894073,8290948,1221,
1788837300,,,,2419980,9886840,1221,
1788840900,,,,2419980,11472172,1221,
1788844500,,,,2705692,6774650,1221,
1788848100,,,,2705692,8363620,1221,
1788851700,,,,3233184,9957300,1231,
1788855300,,,,3233184,11562023,1231,
1788858900,,,,3762230,6811865,1231,
1788862500,,,,3762230,8419478,1231,
1788866100,,,,4047230,10055865,1231,
1788869700,,,,4047230,11676535,1247,
1788873300,,,,4585848,6949185,1247,
1788876900,,,,4585848,8581375,1247,
1788880500,,,,5121413,10226240,1247,
1788884100,,,,5121413,11861612,1257,
1788887700,,,,5056533,7019003,1257,
1788891300,,,,5056533,8667976,1257,
1788894900,,,,5594419,10328407,1257,
1788898500,,,,5594419,11976345,1257,
1788902100,,,,6134270,7051511,1257,
1788905700,,,,6134270,8699033,1257,
1788909300,,,,6424163,10361343,1257,
1788912900,,,,6424163,12009600,1257,
1788916500,,,,6968701,7051822,1257,
1788920100,,,,6968701,8701830,1257,
1788923700,,,,7512739,10361021,1257,
1788927300,,,,7512739,12014274,1257,
1788930900,,,,7802493,7052270,1257,
1788934500,,,,7802493,8703374,1257,
1788938100,,,,8340410,10362489,1257,
1788941700,,,,8340410,12016904,1257,
1788945300,,,,8878363,7085364,1257,
1788948900,,,,8878363,8738393,1257,
1788952500,,,,8919834,10395398,1257,
1788956100,,,,8919834,12050728,1257,
1788959700,,,,9459533,7085774,1257,
1788963300,,,,9459533,8739396,1257,
1788966900,,,,9998135,10395097,1257,
1788970500,,,,9998135,12049103,1257,
1788974100,,,,10286017,7053169,1257,
1788977700,,,,10286017,8709341,1257,
1788981300,,,,10827149,10395901,1257,
1788984900,,,,10827149,12056978,1267,
1788988500,,,,11367150,7122917,1267,
1788992100,,,,11367150,8795829,1267,
1788995700,,,,11663641,10497337,1267,
1788999300,,,,11663641,12167588,1267,
1789002900,,,,12203888,7155694,1267,
1789006500,,,,12203888,8829659,1267,
1789010100,,,,12744182,10530482,1267,
1789013700,,,,12744182,12201543,1267,
1789017300,,,,12788542,7187756,1267,
1789020900,,,,12788542,8857790,1267,
1789024500,,,,13330590,10566302,1277,
1789028100,,,,13330590,12251231,1277,
1789031700,,,,13873834,7191901,1277,
1789035300,,,,13873834,8879845,1279,
1789038900,,,,14172798,10606210,1295,
1789042500,,,,14172798,12318118,1295,
1789046100,80307429376,50174672896,46852059136,14744673,6311609,3368,1775493758
1789049700,80307429376,50077421568,46754807808,14744673,10647552,3369,1775493758
1789053300,80307429376,50070949888,46748336128,16804376,12783207,3369,1775493758
1789056900,80307429376,50065825792,46743212032,16804376,17197282,2903,1775493758
1789060500,80307429376,50058797056,46736183296,18843297,21639588,2919,1775493758
1789064100,80307429376,50053828608,46731214848,18843297,26094759,2919,1775493758
1789067700,80307429376,50058158080,46735544320,21120713,18928338,2919,1775493758
1789071300,80307429376,50053353472,46730739712,21120713,23381884,2919,1775493758
1789074900,80307429376,50046124032,46723510272,23396451,27843228,2919,1775493758
1789078500,80307429376,50041298944,46718685184,23396451,32306826,2919,1775493758
1789082100,80307429376,50053070848,46730457088,24610740,19032135,2919,1775493758
1789085700,80307429376,50048544768,46725931008,24610740,23495728,2919,1775493758
1789089300,80307429376,50041335808,46718722048,26891872,27978134,2919,1775493758
1789092900,80307429376,50036449280,46713835520,26891872,32450752,2919,1775493758
1789096500,80307429376,50038120448,46715506688,29156862,19066424,2919,1775493758
1789100100,80307429376,50033242112,46710628352,29156862,23541861,2919,1775493758
1789103700,80307429376,50026573824,46703960064,30899013,28046191,2919,1775493758
1789107300,80307429376,50021691392,46699077632,30899013,32512614,2919,1775493758
1789110900,80307429376,50015674368,46693060608,33157896,19095456,2919,1775493758
1789114500,80307429376,50010750976,46688137216,33157896,23572512,2929,1775493758
1789118100,80307429376,50003394560,46680780800,35432864,28081285,2929,1775493758
1789121700,80307429376,49998557184,46675943424,35432864,32567388,2929,1775493758
1789125300,80307429376,50009866240,46687252480,37155055,19171389,2939,1775493758
1789128900,80307429376,50005016576,46682402816,37155055,23679851,2939,1775493758
1789132500,80307429376,49997619200,46675005440,39433436,28207468,2939,1775493758
1789136100,80307429376,49992785920,46670172160,39433436,32713370,2939,1775493758
1789139700,80307429376,50003845120,46681231360,41706306,19230984,2939,1775493758
1789143300,80307429376,49998856192,46676242432,41706306,23746758,2939,1775493758
1789146900,80307429376,49992474624,46669860864,42877218,28277207,2939,1775493758
1789150500,80307429376,49987526656,46664912896,42877218,32783944,2939,1775493758
1789154100,80307429376,49998528512,46675914752,45149722,19276679,2939,1775493758
1789157700,80307429376,49993506816,46670893056,45149722,23941829,3148,1775493758
1789161300,80307429376,49985769472,46663155712,47454440,28701681,3148,1775493758
1789164900,80307429376,49980624896,46658011136,47454440,33447472,3148,1775493758
1789168500,80307429376,49991806976,46669193216,49246474,20113985,3148,1775493758
1789172100,80307429376,49986981888,46664368128,49246474,24867799,3148,1775493758
1789175700,80307429376,49979314176,46656700416,51579837,29640403,3148,1775493758
1789179300,80307429376,49974030336,46651416576,51579837,34391987,3148,1775493758
1789182900,80307429376,49984847872,46662234112,53910552,20284834,3148,1775493758
1789186500,80307429376,49979736064,46657122304,53910552,25039227,3148,1775493758
1789190100,80307429376,49972756480,46650142720,55680017,29817600,3148,1775493758
1789193700,80307429376,49980571648,46657957888,55680017,34571691,3148,1775493758
1789197300,80307429376,49992036352,46669422592,58000061,20317289,3148,1775493758
1789200900,80307429376,49986899968,46664286208,58000061,25071195,3148,1775493758
1789204500,80307429376,49970864128,46648250368,60337917,29853476,3148,1775493758
1789208100,80307429376,49965596672,46642982912,60337917,34626239,3171,1775493758
1789211700,80307429376,49978384384,46655770624,61531547,20352414,3171,1775493758
1789215300,80307429376,49973207040,46650593280,61531547,25141073,3171,1775493758
1789218900,80307429376,49965531136,46642917376,63867660,29948272,3171,1775493758
1789222500,80307429376,49960312832,46637699072,63867660,34730805,3171,1775493758
1789226100,80307429376,49972051968,46649438208,66217255,20419445,3171,1775493758
1789229700,80307429376,49966931968,46644318208,66217255,25197905,3171,1775493758
1789233300,80307429376,49959743488,46637129728,67988086,29989872,3171,1775493758
1789236900,80307429376,49954607104,46631993344,67988086,34769895,3171,1775493758
1789240500,80307429376,49966309376,46643695616,70324406,20384810,3171,1775493758
1789244100,80307429376,49961152512,46638538752,70324406,25166753,3171,1775493758
1789247700,80307429376,49953390592,46630776832,72666808,29954075,3171,1775493758
1789251300,80307429376,49948270592,46625656832,72666808,34739576,3171,1775493758
1789254900,80307429376,49960255488,46637641728,74430294,20412858,3171,1775493758
1789258500,80307429376,49985126400,46662512640,74430294,25189373,3171,1775493758
1789262100,80307429376,49977778176,46655164416,76776262,30025789,3187,1775493758
1789265700,80307429376,49972527104,46649913344,76776262,34831181,3187,1775493758
1789269300,80307429376,49983205376,46660591616,79136367,20493602,3187,1775493758
1789272900,80307429376,49978015744,46655401984,79136367,25299437,3187,1775493758
1789276500,80307429376,49972871168,46650257408,79341319,30127203,3187,1775493758
1789280100,80307429376,49967599616,46644985856,79341319,34942856,3187,1775493758
1789283700,80307429376,49978990592,46656376832,81689965,20549316,3187,1775493758
1789287300,80307429376,49973780480,46651166720,81689965,25361483,3187,1775493758
1789290900,80307429376,49966477312,46643863552,84032054,30191816,3187,1775493758
1789294500,80307429376,49952788480,46630174720,84032054,34995731,3187,1775493758
1789298100,80307429376,49964945408,46642331648,85808524,20526737,3187,1775493758
1789301700,80307429376,49959751680,46637137920,85808524,25328280,3187,1775493758
1789305300,80307429376,49952161792,46629548032,88158676,30158494,3187,1775493758
1789308900,80307429376,49946976256,46624362496,88158676,34968731,3187,1775493758
1789312500,80307429376,49958682624,46636068864,90488119,20525411,3187,1775493758
1789316100,80307429376,49953447936,46630834176,90488119,25333798,3187,1775493758
1789319700,80307429376,49946447872,46623834112,92258294,30157405,3187,1775493758
1789323300,80307429376,49941221376,46618607616,92258294,34965146,3187,1775493758
1789326900,80307429376,49952776192,46630162432,94599151,20514422,3187,1775493758
1789330500,80307429376,49947586560,46624972800,94599151,25325258,3187,1775493758
1789334100,80307429376,49940107264,46617493504,96931306,30160980,3187,1775493758
1789337700,80307429376,49927462912,46604849152,96931306,34975186,3187,1775493758
1789341300,80307429376,49940193280,46617579520,98119282,20523513,3187,1775493758
1789344900,80307429376,49935351808,46612738048,98119282,25322122,3187,1775493758
1789348500,80307429376,49927757824,46605144064,100466587,30158440,3187,1775493758
1789352100,80307429376,49922654208,46600040448,100466587,34963255,3187,1775493758
1789355700,80307429376,49945505792,46622892032,102825776,20526952,3187,1775493758
1789359300,80307429376,49940402176,46617788416,102825776,25335345,3187,1775493758
1789362900,80307429376,49933369344,46610755584,104593171,30147255,3187,1775493758
1789366500,80307429376,49928224768,46605611008,104593171,34954506,3187,1775493758
1789370100,80307429376,49940213760,46617600000,106934902,20523910,3187,1775493758
1789373700,80307429376,49935036416,46612422656,106934902,25327963,3187,1775493758
1789377300,80307429376,49927405568,46604791808,109280926,30160298,3187,1775493758
1789380900,80307429376,49922150400,46599536640,109280926,34970592,3187,1775493758
1789384500,80307429376,49934315520,46611701760,111041921,20516242,3187,1775493758
1789388100,80307429376,49929121792,46606508032,111041921,25327977,3187,1775493758
1789391700,80307429376,49921847296,46599233536,113375884,30160770,3187,1775493758
1789395300,80307429376,49916547072,46593933312,113375884,34978363,3187,1775493758
1789398900,80307429376,49927987200,46605373440,115724950,20528573,3187,1775493758
1789402500,80307429376,49922727936,46600114176,115724950,25337425,3187,1775493758
1789406100,80307429376,49908060160,46585446400,116900846,30158270,3187,1775493758
1789409700,80307429376,49902718976,46580105216,116900846,34970027,3187,1775493758
1789413300,80307429376,49914286080,46591672320,119247935,20525988,3187,1775493758
1789416900,80307429376,49909071872,46586458112,119247935,25340593,3187,1775493758
1789420500,80307429376,49901506560,46578892800,121589767,30161480,3187,1775493758
1789424100,80307429376,49896218624,46573604864,121589767,34976432,3187,1775493758
1789427700,80307429376,49908531200,46585917440,123361146,20525424,3187,1775493758
1789431300,80307429376,49904443392,46581829632,123361146,25335772,3187,1775493758
1789434900,80307429376,49896824832,46574211072,125702645,30160328,3187,1775493758
1789438500,80307429376,49891688448,46569074688,125702645,34963619,3187,1775493758
1789442100,80307429376,49890922496,46568308736,128053023,20522282,3187,1775493758
1789445700,80307429376,49885757440,46563143680,128053023,25332148,3187,1775493758
1789449300,80307429376,49878806528,46556192768,129826698,30160423,3187,1775493758
1789452900,80307429376,49873653760,46551040000,129826698,34962668,3187,1775493758
1789456500,80307429376,49885368320,46562754560,132168942,20520985,3187,1775493758
1789460100,80307429376,49880211456,46557597696,132168942,25319541,3187,1775493758
1789463700,80307429376,49872703488,46550089728,134513547,30127088,3187,1775493758
1789467300,80307429376,49867493376,46544879616,134513547,34938538,3187,1775493758
1789470900,80307429376,49881006080,46558392320,135095840,20496492,3187,1775493758
1789474500,80307429376,48920449024,45597835264,135095840,25216406,3943,1775493758
1789478100,80307429376,48820428800,45497815040,137520883,29891843,3965,1775493758
1789481700,80307429376,48815190016,45492576256,137520883,34602012,3228,1775493758
1789485300,80307429376,48827035648,45504421888,139858127,20151892,3238,1775493758
1789488900,80307429376,48813379584,45490765824,139858127,24930030,3164,1775493758
1789492500,80307429376,48806305792,45483692032,141625194,29714655,3164,1775493758
1789496100,80307429376,48801153024,45478539264,141625194,34483539,3164,1775493758
1789499700,80307429376,48812552192,45489938432,143973023,20349615,3164,1775493758
1789503300,80307429376,48807333888,45484720128,143973023,25123517,3164,1775493758
1789506900,80307429376,48799543296,45476929536,146317998,29913689,3164,1775493758
1789510500,80307429376,48794374144,45471760384,146317998,34697355,3164,1775493758
1789514100,80307429376,48806805504,45484191744,148097085,20387905,3164,1775493758
1789517700,80307429376,48802004992,45479391232,148097085,25164163,3164,1775493758
1789521300,80307429376,48794263552,45471649792,150436800,29980206,3164,1775493758
1789524900,80307429376,48788389888,45465776128,150436800,34753509,3164,1775493758
1789528500,80307429376,48799666176,45477052416,152776778,20419956,3164,1775493758
1789532100,80307429376,48794398720,45471784960,152776778,25195551,3164,1775493758
1789535700,80307429376,48787922944,45465309184,153967352,29988104,3164,1775493758
1789539300,80307429376,48782667776,45460054016,153967352,34764759,3164,1775493758
1789542900,80307429376,48794169344,45471555584,156296775,20376064,3164,1775493758
1789546500,80307429376,48788963328,45466349568,156296775,25155070,3164,1775493758
1789550100,80307429376,48781651968,45459038208,158630778,29954257,3164,1775493758
1789553700,80307429376,48776433664,45453819904,158630778,34732900,3164,1775493758
1789557300,80307429376,48788283392,45465669632,160405088,20426267,3180,1775493758
1789560900,80307429376,48783065088,45460451328,160405088,25230706,3180,1775493758
1789564500,80307429376,48806215680,45483601920,162757234,30060821,3180,1775493758
1789568100,80307429376,48800997376,45478383616,162757234,34868651,3180,1775493758
1789571700,80307429376,48812351488,45489737728,165096464,20526269,3180,1775493758
1789575300,80307429376,48798527488,45475913728,165096464,25334862,3180,1775493758
1789578900,80307429376,48791576576,45468962816,166869872,30159682,3180,1775493758
1789582500,80307429376,48786354176,45463740416,166869872,34975792,3180,1775493758
1789586100,80307429376,48798093312,45475479552,169221703,20526489,3180,1775493758
1789589700,80307429376,48792915968,45470302208,169221703,25332520,3180,1775493758
1789593300,80307429376,48785555456,45462941696,171566723,30158571,3180,1775493758
1789596900,80307429376,48780390400,45457776640,171566723,34960944,3180,1775493758
1789600500,80307429376,48793026560,45470412800,172750806,20516104,3180,1775493758
1789604100,80307429376,48787513344,45464899584,172750806,25333042,3180,1775493758
1789607700,80307429376,48780279808,45457666048,175096626,30163085,3180,1775493758
1789611300,80307429376,48775041024,45452427264,175096626,34977013,3180,1775493758
1789614900,80307429376,48785772544,45463158784,177435597,20548713,3180,1775493758
1789618500,80307429376,48780582912,45457969152,177435597,25369406,3180,1775493758
1789622100,80307429376,48773951488,45451337728,179194845,30190677,3180,1775493758
1789625700,80307429376,48768483328,45445869568,179194845,35001565,3180,1775493758
1789629300,80307429376,48779980800,45457367040,181542001,20525729,3180,1775493758
1789632900,80307429376,48774782976,45452169216,181542001,25343512,3180,1775493758
1789636500,80307429376,48767111168,45444497408,183891405,30159871,3180,1775493758
1789640100,80307429376,48761843712,45439229952,183891405,34967393,3180,1775493758
1789643700,80307429376,48763691008,45441077248,185657334,20520659,3180,1775493758
1789647300,80307429376,48758497280,45435883520,185657334,25332275,3180,1775493758
1789650900,80307429376,48751157248,45428543488,188002137,30165684,3196,1775493758
1789654500,80307429376,48745902080,45423288320,188002137,35006037,3196,1775493758
1789658100,80307429376,48757342208,45434728448,190346408,20599269,3196,1775493758
1789661700,80307429376,48711094272,45388480512,190346408,25444789,3196,1775493758
1789665300,80307429376,48703025152,45380411392,190945647,30299573,3196,1775493758
1789668900,80307429376,48697720832,45375107072,190945647,35147976,3196,1775493758
1789672500,80307429376,48709410816,45386797056,193299525,20662964,3196,1775493758
1789676100,80307429376,48704172032,45381558272,193299525,25508926,3196,1775493758
1789679700,80307429376,48696586240,45373972480,195657349,30364213,3196,1775493758
1789683300,80307429376,48691331072,45368717312,195657349,35198357,3196,1775493758
1789686900,80307429376,48703696896,45381083136,197428444,20664995,3196,1775493758
1789690500,80307429376,48698880000,45376266240,197428444,25505816,3196,1775493758
1789694100,80307429376,48691322880,45368709120,199775227,30364799,3196,1775493758
1789697700,80307429376,48685432832,45362819072,199775227,35203126,3196,1775493758
1789701300,80307429376,48708681728,45386067968,202124237,20663709,3196,1775493758
1789704900,80307429376,48695058432,45372444672,202124237,25511686,3196,1775493758
1789708500,80307429376,48687886336,45365272576,203883534,30389899,3196,1775493758
1789712100,80307429376,48682438656,45359824896,203883534,35230707,3196,1775493758
1789715700,80307429376,48705241088,45382627328,206231603,20701422,3196,1775493758
1789719300,80307429376,48699904000,45377290240,206231603,25557102,3206,1775493758
1789722900,80307429376,48691986432,45369372672,208573358,30434920,3206,1775493758
1789726500,80307429376,48686432256,45363818496,208573358,35295965,3206,1775493758
1789730100,80307429376,48698982400,45376368640,209756288,20759365,3206,1775493758
1789733700,80307429376,48693620736,45371006976,209756288,25627557,3206,1775493758
1789737300,80307429376,48686198784,45363585024,212115048,30495126,3206,1775493758
1789740900,80307429376,48680857600,45358243840,212115048,35366907,3206,1775493758
1789744500,80307429376,48692441088,45369827328,214466720,20766445,3206,1775493758
1789748100,80307429376,48687177728,45364563968,214466720,25628649,3206,1775493758
1789751700,80307429376,48680112128,45357498368,216225046,30499963,3206,1775493758
1789755300,80307429376,48674783232,45352169472,216225046,35366726,3206,1775493758
1789758900,80307429376,48686481408,45363867648,218569123,20735899,3206,1775493758
1789762500,80307429376,48672702464,45350088704,218569123,25598930,3206,1775493758
1789766100,80307429376,48664997888,45342384128,220923422,30468739,3206,1775493758
1789769700,80307429376,48659668992,45337055232,220923422,35335945,3206,1775493758
1789773300,80307429376,48672022528,45349408768,222689146,20768694,3206,1775493758
1789776900,80307429376,48667955200,45345341440,222689146,25632063,3206,1775493758
1789780500,80307429376,48660254720,45337640960,225025218,30503271,3206,1775493758
1789784100,80307429376,48654680064,45332066304,225025218,35363756,3206,1775493758
1789787700,80307429376,48653598720,45330984960,227372751,20735212,3206,1775493758
1789791300,80307429376,48648261632,45325647872,227372751,25592880,3206,1775493758
1789794900,80307429376,48633622528,45311008768,228546356,30455178,3206,1775493758
1789798500,80307429376,48628314112,45305700352,228546356,35310845,3206,1775493758
1789802100,80307429376,48640364544,45317750784,230886556,20737255,3206,1775493758
1789805700,80307429376,48634998784,45312385024,230886556,25598943,3206,1775493758
1789809300,80307429376,48627134464,45304520704,233238133,30464308,3206,1775493758
1789812900,80307429376,48621903872,45299290112,233238133,35329796,3206,1775493758
1789816500,80307429376,48634314752,45311700992,235000857,20735046,3206,1775493758
1789820100,80307429376,48628981760,45306368000,235000857,25594378,3206,1775493758
1789823700,80307429376,48621256704,45298642944,237354196,30467841,3206,1775493758
1789827300,80307429376,48615837696,45293223936,237354196,35326549,3206,1775493758
1789830900,80307429376,48627621888,45305008128,239699609,20735168,3206,1775493758
1789834500,80307429376,48622411776,45299798016,239699609,25596368,3206,1775493758
1789838100,80307429376,48615358464,45292744704,241458405,30463220,3206,1775493758
1789841700,80307429376,48610066432,45287452672,241458405,35330288,3206,1775493758
1789845300,80307429376,48621899776,45299286016,243810290,20734942,3206,1775493758
1789848900,80307429376,48616542208,45293928448,243810290,25595507,3206,1775493758
1789852500,80307429376,48608591872,45285978112,246172434,30489704,3206,1775493758
1789856100,80307429376,48594935808,45272322048,246172434,35352515,3206,1775493758
1789859700,80307429376,48609681408,45287067648,246153956,20764644,3206,1775493758
1789863300,80307429376,48634982400,45312368640,246153956,25635165,3206,1775493758
1789866900,80307429376,48627093504,45304479744,248510292,30497273,3206,1775493758
1789870500,80307429376,48621670400,45299056640,248510292,35364339,3206,1775493758
1789874100,80307429376,48632844288,45310230528,250851557,20765587,3206,1775493758
1789877700,80307429376,49633411072,46310797312,250851557,25630716,3206,1775493758
1789881300,80307429376,49625182208,46302568448,252623796,30528221,3206,1775493758
1789884900,80307429376,49619730432,46297116672,252623796,35392858,3206,1775493758
1789888500,80307429376,49631805440,46309191680,254975634,20768216,3206,1775493758
1789892100,80307429376,49626595328,46303981568,254975634,25634351,3206,1775493758
1789895700,80307429376,49618780160,46296166400,257334656,30497386,3206,1775493758
1789899300,80307429376,49613369344,46290755584,257334656,35365214,3206,1775493758
1789902900,80307429376,49625907200,46303293440,259099928,20735330,3206,1775493758
1789906500,80307429376,49620639744,46298025984,259099928,25603146,3206,1775493758
1789910100,80307429376,49613037568,46290423808,261450493,30465456,3206,1775493758
1789913700,80307429376,49607700480,46285086720,261450493,35325828,3206,1775493758
1789917300,80307429376,49619456000,46296842240,263795848,20730945,3206,1775493758
1789920900,80307429376,49614073856,46291460096,263795848,25602754,3206,1775493758
1789924500,80307429376,49607827456,46285213696,264972781,30495370,3206,1775493758
1789928100,80307429376,49602101248,46279487488,264972781,35363270,3206,1775493758
1789931700,80307429376,49613496320,46290882560,267323085,20766902,3206,1775493758
1789935300,80307429376,49599815680,46277201920,267323085,25633106,3206,1775493758
1789938900,80307429376,49591971840,46269358080,269683374,30523112,3206,1775493758
1789942500,80307429376,49586655232,46264041472,269683374,35386696,3206,1775493758
1789946100,80307429376,49599451136,46276837376,271442864,20766926,3206,1775493758
1789949700,80307429376,49595490304,46272876544,271442864,25630303,3206,1775493758
1789953300,80307429376,49587707904,46265094144,273794129,30498284,3206,1775493758
1789956900,80307429376,49582440448,46259826688,273794129,35355372,3206,1775493758
1789960500,80307429376,49593556992,46270943232,276144468,20737661,3206,1775493758
1789964100,80307429376,49588371456,46265757696,276144468,25599826,3206,1775493758
1789967700,80307429376,49581457408,46258843648,277911951,30470286,3206,1775493758
1789971300,80307429376,49576251392,46253637632,277911951,35332092,3206,1775493758
1789974900,80307429376,49588191232,46265577472,280246236,20732197,3206,1775493758
1789978500,80307429376,49582977024,46260363264,280246236,25593139,3206,1775493758
1789982100,80307429376,49575333888,46252720128,282594003,30465181,3206,1775493758
1789985700,80307429376,49569964032,46247350272,282594003,35328158,3206,1775493758
1789989300,80307429376,49582825472,46260211712,283770031,20723727,3206,1775493758
1789992900,80307429376,49577447424,46254833664,283770031,25583374,3206,1775493758
1789996500,80307429376,49569902592,46247288832,286112257,30468288,3206,1775493758
1790000100,80307429376,49564545024,46241931264,286112257,35330394,3206,1775493758
1790003700,80307429376,49576013824,46253400064,288462041,20733386,3206,1775493758
1790007300,80307429376,49570365440,46247751680,288462041,25594846,3206,1775493758
1790010900,80307429376,49563172864,46240559104,290243165,30466631,3206,1775493758
1790014500,80307429376,49557835776,46235222016,290243165,35328079,3206,1775493758
1790018100,80307429376,49569521664,46246907904,292598844,20730438,3206,1775493758
1790021700,80307429376,49564237824,46241624064,292598844,25589960,3206,1775493758
1790025300,80307429376,49547988992,46225375232,294947724,30459261,3206,1775493758
1790028900,80307429376,49542713344,46220099584,294947724,35320834,3206,1775493758
1790032500,80307429376,49555488768,46232875008,296728491,20732309,3206,1775493758
1790036100,80307429376,49550770176,46228156416,296728491,25593805,3206,1775493758
1790039700,80307429376,49543110656,46220496896,299071543,30467506,3206,1775493758
1790043300,80307429376,49537921024,46215307264,299071543,35334089,3206,1775493758
1790046900,80307429376,49549041664,46226427904,301419177,20736572,3206,1775493758
1790050500,80307429376,49543884800,46221271040,301419177,25601242,3206,1775493758
1790054100,80307429376,49538240512,46215626752,302000498,30470920,3206,1775493758
1790057700,80307429376,49532989440,46210375680,302000498,35340820,3206,1775493758
1790061300,80307429376,49544830976,46222217216,304351295,20766567,3206,1775493758
1790064900,80307429376,49539657728,46217043968,304351295,25624235,3206,1775493758
1790068500,80307429376,49532063744,46209449984,306706894,30502948,3206,1775493758
1790072100,80307429376,49526652928,46204039168,306706894,35368032,3206,1775493758
1790075700,80307429376,49538891776,46216278016,308470374,20757711,3206,1775493758
1790079300,80307429376,49531670528,46209056768,308470374,25612267,3206,1775493758
1790082900,80307429376,49524178944,46201565184,310805112,30499985,3206,1775493758
1790086500,80307429376,49518829568,46196215808,310805112,35361596,3206,1775493758
1790090100,80307429376,49530507264,46207893504,313165645,20737708,3206,1775493758
1790093700,80307429376,49525215232,46202601472,313165645,25600311,3206,1775493758
1790097300,80307429376,49518174208,46195560448,314929769,30467901,3206,1775493758
1790100900,80307429376,49512669184,46190055424,314929769,35324928,3206,1775493758
1790104500,80307429376,49524449280,46201835520,317279635,20734475,3206,1775493758
1790108100,80307429376,49519202304,46196588544,317279635,25590096,3206,1775493758
1790111700,80307429376,49511424000,46188810240,319620733,30456491,3206,1775493758
1790115300,80307429376,49506066432,46183452672,319620733,35317053,3206,1775493758
1790118900,80307429376,49519476736,46196862976,320801609,20724941,3206,1775493758
1790122500,80307429376,49514618880,46192005120,320801609,25584625,3206,1775493758
1790126100,80307429376,49506893824,46184280064,323132098,30467035,3206,1775493758
1790129700,80307429376,49499660288,46177046528,323132098,35328441,3206,1775493758
1790133300,80307429376,49523265536,46200651776,325484254,20738779,3206,1775493758
1790136900,80307429376,49517985792,46195372032,325484254,25604991,3206,1775493758
1790140500,80307429376,49502547968,46179934208,327241887,30498220,3206,1775493758
1790144100,80307429376,49497145344,46174531584,327241887,35361041,3206,1775493758
1790147700,80307429376,49336303616,46013689856,329590968,20768135,3206,1775493758
1790151300,80307429376,49331048448,46008434688,329590968,25628047,3206,1775493758
1790154900,80307429376,49323368448,46000754688,331946442,30497099,3206,1775493758
1790158500,80307429376,49318006784,45995393024,331946442,35354693,3206,1775493758
1790162100,80307429376,49330200576,46007586816,333718277,20725728,3206,1775493758
1790165700,80307429376,49324851200,46002237440,333718277,25586485,3206,1775493758
1790169300,80307429376,49399050240,46076436480,336069250,30464066,3206,1775493758
1790172900,80307429376,49393643520,46071029760,336069250,35333052,3206,1775493758
1790176500,80307429376,49405456384,46082842624,338415778,20736390,3206,1775493758
1790180100,80307429376,49400094720,46077480960,338415778,25608883,3206,1775493758
1790183700,80307429376,49393508352,46070894592,339583267,30491341,3206,1775493758
1790187300,80307429376,49388077056,46065463296,339583267,35364470,3206,1775493758
1790190900,80307429376,49400057856,46077444096,341943552,20767690,3206,1775493758
1790194500,80307429376,49394778112,46072164352,341943552,25637704,3206,1775493758
1790198100,80307429376,49386881024,46064267264,344291797,30528254,3206,1775493758
1790201700,80307429376,49381568512,46058954752,344291797,35401559,3206,1775493758
1790205300,80307429376,49394167808,46071554048,346060911,20801980,3206,1775493758
1790208900,80307429376,49388605440,46065991680,346060911,25673655,3206,1775493758
1790212500,80307429376,49380839424,46058225664,348402687,30567409,3206,1775493758
1790216100,80307429376,49367117824,46044504064,348402687,35440578,3206,1775493758
1790219700,80307429376,49378324480,46055710720,350758025,20802863,3206,1775493758
1790223300,80307429376,49373130752,46050516992,350758025,25672329,3206,1775493758
1790226900,80307429376,49366036480,46043422720,352530904,30565795,3206,1775493758
1790230500,80307429376,49360678912,46038065152,352530904,35432726,3206,1775493758
1790234100,80307429376,49372536832,46049923072,354871017,20803636,3206,1775493758
1790237700,80307429376,49367216128,46044602368,354871017,25669085,3206,1775493758
1790241300,80307429376,49359523840,46036910080,357219171,30568019,3206,1775493758
1790244900,80307429376,49353887744,46031273984,357219171,35437033,3206,1775493758
1790248500,80307429376,49367633920,46045020160,357817994,20801346,3206,1775493758
1790252100,80307429376,49362325504,46039711744,357817994,25668458,3206,1775493758
1790255700,80307429376,49354641408,46032027648,360173219,30567011,3206,1775493758
1790259300,80307429376,49349394432,46026780672,360173219,35434308,3206,1775493758
1790262900,80307429376,49361354752,46038740992,362531074,20798132,3206,1775493758
1790266500,80307429376,49348325376,46025711616,362531074,25662139,3206,1775493758
1790270100,80307429376,49341403136,46018789376,364309790,30534519,3206,1775493758
1790273700,80307429376,49338568704,46015954944,364309790,35401741,3206,1775493758
1790277300,80307429376,49350594560,46027980800,366646671,20773386,3206,1775493758
1790280900,80307429376,49345462272,46022848512,366646671,25641485,3206,1775493758
1790284500,80307429376,49337856000,46015242240,368997933,30532164,3206,1775493758
1790288100,80307429376,49332649984,46010036224,368997933,35393979,3206,1775493758
1790291700,80307429376,49345277952,46022664192,370761118,20764421,3206,1775493758
1790295300,80307429376,49340616704,46018002944,370761118,25632759,3206,1775493758
1790298900,80307429376,49333166080,46010552320,373098934,30501806,3206,1775493758
1790302500,80307429376,49328017408,46005403648,373098934,35365889,3206,1775493758
1790306100,80307429376,49326731264,46004117504,375441651,20735355,3206,1775493758
1790309700,80307429376,49321607168,45998993408,375441651,25606261,3206,1775493758
1790313300,80307429376,49315319808,45992706048,376625651,30500568,3206,1775493758
1790316900,80307429376,49310121984,45987508224,376625651,35369217,3206,1775493758
1790320500,80307429376,49321992192,45999378432,378983344,20800834,3206,1775493758
1790324100,80307429376,49316839424,45994225664,378983344,25669339,3206,1775493758
1790327700,80307429376,49309315072,45986701312,381333543,30567019,3206,1775493758
1790331300,80307429376,49295736832,45973123072,381333543,35430047,3206,1775493758
1790334900,80307429376,49308385280,45985771520,383109216,20765374,3206,1775493758
1790338500,80307429376,49303154688,45980540928,383109216,25633704,3206,1775493758
1790342100,80307429376,49377116160,46054502400,385458289,30532972,3206,1775493758
1790345700,80307429376,49371947008,46049333248,385458289,35397295,3206,1775493758
1790349300,80307429376,49383940096,46061326336,387808202,20767432,3206,1775493758
1790352900,80307429376,49378770944,46056157184,387808202,25636087,3206,1775493758
1790356500,80307429376,49313255424,45990641664,389563501,30526134,3206,1775493758
1790360100,80307429376,49308094464,45985480704,389563501,35391840,3206,1775493758
1790363700,80307429376,49320349696,45997735936,391909288,20756628,3206,1775493758
1790367300,80307429376,49315196928,45992583168,391909288,25614217,3206,1775493758
1790370900,80307429376,49307541504,45984927744,394257202,30500979,3206,1775493758
1790374500,80307429376,49302401024,45979787264,394257202,35363195,3206,1775493758
1790378100,80307429376,49315586048,45992972288,395439225,20733738,3206,1775493758
1790381700,80307429376,49311739904,45989126144,395439225,25592723,3206,1775493758
1790385300,80307429376,49304236032,45981622272,397792488,30466872,3206,1775493758
1790388900,80307429376,49299107840,45976494080,397792488,35317828,3206,1775493758
1790392500,80307429376,49310437376,45987823616,400147486,20734266,3206,1775493758
1790396100,80307429376,49305145344,45982531584,400147486,25595423,3206,1775493758
1790399700,80307429376,49298141184,45975527424,401911672,30468952,3206,1775493758
1790403300,80307429376,49347952640,46025338880,401911672,35328920,3206,1775493758
1790406900,80307429376,49359867904,46037254144,404252833,20733125,3206,1775493758
1790410500,80307429376,49354747904,46032134144,404252833,25592432,3206,1775493758
1790414100,80307429376,49347153920,46024540160,406598410,30471574,3206,1775493758
1790417700,80307429376,49341943808,46019330048,406598410,35330402,3206,1775493758
1790421300,80307429376,49354493952,46031880192,408380695,20734374,3206,1775493758
1790424900,80307429376,49349341184,46026727424,408380695,25590655,3206,1775493758
1790428500,80307429376,49341837312,46019223552,410723034,30466121,3206,1775493758
1790432100,80307429376,49336614912,46014001152,410723034,35329253,3206,1775493758
1790435700,80307429376,49340043264,46017429504,413066138,20725583,3206,1775493758
1790439300,80307429376,49334902784,46012289024,413066138,25587753,3206,1775493758
1790442900,80307429376,49330126848,46007513088,413044443,30468648,3206,1775493758
1790446500,80307429376,49324957696,46002343936,413044443,35335681,3206,1775493758
1790450100,80307429376,49336725504,46014111744,415388180,20734564,3206,1775493758
1790453700,80307429376,49331527680,46008913920,415388180,25604827,3206,1775493758
1790457300,80307429376,49323995136,46001381376,417738397,30500630,3206,1775493758
1790460900,80307429376,49318797312,45996183552,417738397,35360795,3206,1775493758
1790464500,80307429376,49331347456,46008733696,419500731,20768349,3206,1775493758
1790468100,80307429376,49356455936,46033842176,419500731,25641710,3206,1775493758
1790471700,80307429376,49348780032,46026166272,421850721,30520978,3206,1775493758
1790475300,80307429376,49343610880,46020997120,421850721,35389016,3206,1775493758
1790478900,80307429376,49355390976,46032777216,424201415,20773345,3206,1775493758
1790482500,80307429376,49350275072,46027661312,424201415,25640409,3206,1775493758
1790486100,80307429376,49343197184,46020583424,425968471,30537020,3206,1775493758
1790489700,80307429376,49338028032,46015414272,425968471,35405164,3206,1775493758
1790493300,80307429376,49349861376,46027247616,428319846,20791796,3206,1775493758
1790496900,80307429376,49344561152,46021947392,428319846,25660255,3206,1775493758
1790500500,80307429376,49337352192,46014738432,430659717,30560942,3206,1775493758
1790504100,80307429376,49331994624,46009380864,430659717,35431158,3206,1775493758
1790507700,80307429376,49345110016,46022496256,431830174,20796592,3206,1775493758
1790511300,80307429376,49339961344,46017347584,431830174,25662535,3206,1775493758
1790514900,80307429376,49332432896,46009819136,434170611,30557086,3206,1775493758
1790518500,80307429376,49327267840,46004654080,434170611,35423176,3206,1775493758
1790522100,80307429376,49339285504,46016671744,436524576,20770200,3206,1775493758
1790525700,80307429376,49334128640,46011514880,436524576,25642838,3206,1775493758
1790529300,80307429376,49327276032,46004662272,438286053,30531285,3206,1775493758
1790532900,80307429376,49313775616,45991161856,438286053,35401436,3206,1775493758
1790536500,80307429376,49325506560,46002892800,440640788,20790736,3206,1775493758
1790540100,80307429376,49320329216,45997715456,440640788,25664800,3206,1775493758
1790543700,80307429376,49313128448,45990514688,442981105,30536789,3206,1775493758
1790547300,80307429376,49307987968,45985374208,442981105,35403541,3206,1775493758
1790550900,80307429376,49320448000,45997834240,444741744,20769883,3206,1775493758
1790554500,80307429376,49316511744,45993897984,444741744,25638826,3206,1775493758
1790558100,80307429376,49308991488,45986377728,447090371,30466905,3206,1775493758
1790561700,80307429376,49303826432,45981212672,447090371,35340801,3205,1775493758
1790565300,80307429376,49328336896,46005723136,449389828,20740128,3205,1775493758
1790568900,80307429376,49323315200,46000701440,449389828,25501984,3205,1775493758
1790572500,80307429376,49316904960,45994291200,450554741,30404959,3205,1775493758
1790576100,80307429376,49311744000,45989130240,450554741,35267566,3205,1775493758
1790579700,80307429376,49323634688,46001020928,452889337,20702526,3205,1775493758
1790583300,80307429376,49318481920,45995868160,452889337,25576177,3205,1775493758
1790586900,80307429376,49310871552,45988257792,455238861,30470850,3205,1775493758
1790590500,80307429376,49305726976,45983113216,455238861,35329351,3205,1775493758
1790594100,80307429376,49318203392,45995589632,457002334,20767923,3205,1775493758
1790597700,80307429376,49312935936,45990322176,457002334,25639413,3205,1775493758
1790601300,80307429376,49305337856,45982724096,459348226,30537820,3205,1775493758
1790604900,80307429376,49300172800,45977559040,459348226,35417274,3205,1775493758
1790608500,80307429376,49312116736,45989502976,461692210,20802337,3205,1775493758
1790612100,80307429376,49306988544,45984374784,461692210,25678845,3205,1775493758
1790615700,80307429376,49300078592,45977464832,463467839,30567905,3205,1775493758
1790619300,80307429376,49258442752,45935828992,463467839,35442107,3205,1775493758
1790622900,80307429376,49270415360,45947801600,465813726,20804673,3205,1775493758
1790626500,80307429376,42492461056,39169847296,465813726,25663351,3745,1775493758
1790630100,80307429376,42508468224,39185854464,468157548,10394946,3745,1775493758
1790633700,80307429376,42502569984,39179956224,468157548,14682339,4726,1775493758
1790637300,80307429376,42373410816,39050797056,468849606,9792616,4801,1775493758
1790640900,80307429376,42369376256,39046762496,468849606,14184091,2981,1775493758
1790644500,80307429376,42361184256,39038570496,471093781,18658931,2981,1775493758
1790648100,80307429376,42356568064,39033954304,471093781,23113787,2907,1775493758
1790651700,80307429376,42358693888,39036080128,472768971,18921656,2907,1775493758
1790655300,80307429376,42354102272,39031488512,472768971,23373805,2907,1775493758
1790658900,80307429376,42347253760,39024640000,474995849,27835487,2907,1775493758
1790662500,80307429376,42342629376,39020015616,474995849,32294734,2907,1775493758
1790666100,80307429376,42353459200,39030845440,477238147,19018213,2907,1775493758
1790669700,80307429376,42348859392,39026245632,477238147,23478120,2907,1775493758
1790673300,80307429376,42341888000,39019274240,479479721,27969734,2907,1775493758
1790676900,80307429376,42328858624,39006244864,479479721,32440981,2907,1775493758
1790680500,80307429376,42340405248,39017791488,481174178,19059151,2907,1775493758
1790684100,80307429376,42335711232,39013097472,481174178,23529358,2907,1775493758
1790687700,80307429376,42328748032,39006134272,483399595,27998727,2907,1775493758
1790691300,80307429376,42324000768,39001387008,483399595,32467737,2907,1775493758
1790694900,80307429376,42336104448,39013490688,484527668,19057044,2907,1775493758
1790698500,80307429376,42331275264,39008661504,484527668,23538780,2923,1775493758
1790702100,80307429376,42324197376,39001583616,486763685,28039454,2923,1775493758
1790705700,80307429376,42319503360,38996889600,486763685,32539425,2923,1775493758
1790709300,80307429376,42330480640,39007866880,488993175,19160747,2923,1775493758
1790712900,80307429376,42325622784,39003009024,488993175,23656903,2923,1775493758
1790716500,80307429376,42318610432,38995996672,491216964,28171596,2923,1775493758
1790720100,80307429376,42313863168,38991249408,491216964,32676244,2923,1775493758
1790723700,80307429376,42325458944,39002845184,492899850,19190830,2923,1775493758
1790727300,80307429376,42320506880,38997893120,492899850,23686483,2923,1775493758
1790730900,80307429376,42313523200,38990909440,495145832,28203132,2923,1775493758
1790734500,80307429376,42308816896,38986203136,495145832,32701939,2923,1775493758
1790738100,80307429376,42306506752,38983892992,497377128,19195220,2923,1775493758
1790741700,80307429376,42301829120,38979215360,497377128,23698620,2923,1775493758
1790745300,80307429376,42295496704,38972882944,499062908,28213315,2933,1775493758
1790748900,80307429376,42289836032,38967222272,499062908,32726044,2933,1775493758
1790752500,80307429376,42300940288,38978326528,501301710,19230403,2933,1775493758
1790756100,80307429376,42296279040,38973665280,501301710,23752047,2933,1775493758
1790759700,80307429376,42289201152,38966587392,503531512,28277505,2933,1775493758
1790763300,80307429376,42284699648,38962085888,503531512,32803166,2933,1775493758
1790766900,80307429376,42296971264,38974357504,504662524,19301623,2933,1775493758
1790770500,80307429376,42292211712,38969597952,504662524,23831052,2933,1775493758
1790774100,80307429376,42285121536,38962507776,506902214,28376446,2933,1775493758
1790777700,80307429376,42280357888,38957744128,506902214,32903315,2933,1775493758
1790781300,80307429376,42291306496,38968692736,509136421,19334540,2933,1775493758
1790784900,80307429376,42193809408,38871195648,509136421,23888245,2949,1775493758
1790788500,80307429376,42187141120,38864527360,510840371,28481911,2949,1775493758
1790792100,80307429376,42181967872,38859354112,510840371,33046362,2949,1775493758
1790795700,80307429376,42258124800,38935511040,513101225,19474912,2949,1775493758
1790799300,80307429376,42253045760,38930432000,513101225,24044213,2949,1775493758
1790802900,80307429376,42245300224,38922686464,515380730,28612998,2949,1775493758
1790806500,80307429376,42240417792,38917804032,515380730,33178996,2949,1775493758
1790810100,80307429376,42252214272,38929600512,517093309,19474063,2949,1775493758
1790813700,80307429376,42259685376,38937071616,517093309,24039064,2949,1775493758
1790817300,80307429376,42252668928,38930055168,519342241,28617244,2949,1775493758
1790820900,80307429376,42247983104,38925369344,519342241,33182964,2949,1775493758
1790824500,80307429376,42260746240,38938132480,519912686,19471227,2949,1775493758
1790828100,80307429376,42256035840,38933422080,519912686,24033567,2949,1775493758
1790831700,80307429376,42249003008,38926389248,522161664,28614347,2949,1775493758
1790835300,80307429376,42244218880,38921605120,522161664,33186755,2949,1775493758
1790838900,80307429376,42255466496,38932852736,524401313,19500961,2949,1775493758
1790842500,80307429376,42250678272,38928064512,524401313,24078782,2949,1775493758
1790846100,80307429376,42243596288,38920982528,526644436,28648119,2949,1775493758
1790849700,80307429376,42238853120,38916239360,526644436,33224903,2949,1775493758
1790853300,80307429376,42250809344,38928195584,528329202,19508173,2949,1775493758
1790856900,80307429376,42246017024,38923403264,528329202,24081145,2949,1775493758
1790860500,80307429376,42239012864,38916399104,530557001,28648976,2949,1775493758
1790864100,80307429376,42234232832,38911619072,530557001,33220324,2949,1775493758
1790867700,80307429376,42245386240,38922772480,532802748,19471473,2949,1775493758
1790871300,80307429376,42240516096,38917902336,532802748,24046845,2949,1775493758
1790874900,80307429376,42229669888,38907056128,534492637,28651173,2949,1775493758
1790878500,80307429376,42227179520,38904565760,534492637,33224690,2949,1775493758
1790882100,80307429376,42238394368,38915780608,536731565,19536100,2949,1775493758
1790885700,80307429376,42233597952,38910984192,536731565,24106810,2949,1775493758
1790889300,80307429376,42226548736,38903934976,538981210,28680072,2949,1775493758
1790892900,80307429376,42221801472,38899187712,538981210,33253312,2949,1775493758
1790896500,80307429376,42226352128,38903738368,540100104,19507798,2949,1775493758
1790900100,80307429376,42222051328,38899437568,540100104,24082710,2949,1775493758
1790903700,80307429376,42215030784,38892417024,542348064,28683077,2949,1775493758
1790907300,80307429376,42210299904,38887686144,542348064,33249649,2949,1775493758
1790910900,80307429376,42221260800,38898647040,544584994,19508696,2949,1775493758
1790914500,80307429376,42216202240,38893588480,544584994,24075506,2949,1775493758
1790918100,80307429376,42209886208,38887272448,546280603,28650260,2949,1775493758
1790921700,80307429376,42205175808,38882562048,546280603,33224903,2949,1775493758
1790925300,80307429376,42219376640,38896762880,548518083,19506819,2949,1775493758
1790928900,80307429376,42214666240,38892052480,548518083,24077828,2949,1775493758
1790932500,80307429376,42207649792,38885036032,550758287,28650125,2949,1775493758
1790936100,80307429376,42202914816,38880301056,550758287,33221428,2949,1775493758
1790939700,80307429376,42214723584,38892109824,552461424,19508405,2949,1775493758
1790943300,80307429376,42209853440,38887239680,552461424,24084726,2949,1775493758
1790946900,80307429376,42202808320,38880194560,554691510,28681583,2949,1775493758
1790950500,80307429376,42197962752,38875348992,554691510,33274781,3064,1775493758
1790954100,80307429376,42179219456,38856605696,556919536,19707356,3087,1775493758
