start_epoch,end_epoch,state
1788804011,1788804039,COMPLETED
1788807612,1788807636,COMPLETED
1788811211,1788811233,COMPLETED
1788814811,1788814833,COMPLETED
1788818411,1788818433,COMPLETED
1788822011,1788822033,COMPLETED
1788825611,1788825633,COMPLETED
1788829211,1788829233,COMPLETED
1788832810,1788832833,COMPLETED
1788836411,1788836423,COMPLETED
1788840010,1788840032,COMPLETED
1788843611,1788843633,COMPLETED
1788847211,1788847233,COMPLETED
1788850811,1788850833,COMPLETED
1788854411,1788854433,COMPLETED
1788858011,1788858033,COMPLETED
1788861611,1788861633,COMPLETED
1788865211,1788865237,COMPLETED
1788868811,1788868837,COMPLETED
1788872410,1788872434,COMPLETED
1788876011,1788876035,COMPLETED
1788879611,1788879634,COMPLETED
1788883211,1788883234,COMPLETED
1788886811,1788886834,COMPLETED
1788890411,1788890434,COMPLETED
1788894011,1788894033,COMPLETED
1788897611,1788897633,COMPLETED
1788901211,1788901233,COMPLETED
1788904813,1788904834,COMPLETED
1788908410,1788908433,COMPLETED
1788912011,1788912033,COMPLETED
1788915611,1788915632,COMPLETED
1788919211,1788919232,COMPLETED
1788922811,1788922833,COMPLETED
1788926414,1788926437,COMPLETED
1788930011,1788930033,COMPLETED
1788933611,1788933634,COMPLETED
1788937213,1788937236,COMPLETED
1788940814,1788940837,COMPLETED
1788944411,1788944435,COMPLETED
1788948011,1788948034,COMPLETED
1788951611,1788951633,COMPLETED
1788955211,1788955233,COMPLETED
1788958811,1788958834,COMPLETED
1788962411,1788962434,COMPLETED
1788966011,1788966035,COMPLETED
1788969611,1788969633,COMPLETED
1788973213,1788973237,COMPLETED
1788976811,1788976834,COMPLETED
1788980411,1788980433,COMPLETED
1788984012,1788984035,COMPLETED
1788987611,1788987634,COMPLETED
1788991211,1788991233,COMPLETED
1788994811,1788994833,COMPLETED
1788998411,1788998434,COMPLETED
1789002011,1789002034,COMPLETED
1789005611,1789005632,COMPLETED
1789009211,1789009232,COMPLETED
1789012812,1789012834,COMPLETED
1789016411,1789016433,COMPLETED
1789020011,1789020033,COMPLETED
1789023613,1789023634,COMPLETED
1789027211,1789027234,COMPLETED
1789030811,1789030834,COMPLETED
1789034411,1789034433,COMPLETED
1789038011,1789038034,COMPLETED
1789041611,1789041634,COMPLETED
1789046371,1789046403,COMPLETED
1789049970,1789049994,COMPLETED
1789053570,1789053593,COMPLETED
1789057170,1789057193,COMPLETED
1789060770,1789060793,COMPLETED
1789064370,1789064393,COMPLETED
1789067969,1789067992,COMPLETED
1789071570,1789071593,COMPLETED
1789075169,1789075192,COMPLETED
1789078769,1789078792,COMPLETED
1789082369,1789082392,COMPLETED
1789085970,1789085992,COMPLETED
1789089569,1789089591,COMPLETED
1789093169,1789093191,COMPLETED
1789096773,1789096795,COMPLETED
1789100370,1789100392,COMPLETED
1789103970,1789103992,COMPLETED
1789107571,1789107594,COMPLETED
1789111169,1789111192,COMPLETED
1789114770,1789114792,COMPLETED
1789118369,1789118393,COMPLETED
1789121970,1789121992,COMPLETED
1789125570,1789125592,COMPLETED
1789129170,1789129193,COMPLETED
1789132769,1789132792,COMPLETED
1789136370,1789136393,COMPLETED
1789139970,1789139993,COMPLETED
1789143570,1789143593,COMPLETED
1789147171,1789147195,COMPLETED
1789150769,1789150792,COMPLETED
1789154372,1789154394,COMPLETED
1789157970,1789157993,COMPLETED
1789161570,1789161592,COMPLETED
1789165173,1789165195,COMPLETED
1789168770,1789168793,COMPLETED
1789172370,1789172392,COMPLETED
1789175969,1789175993,COMPLETED
1789179571,1789179594,COMPLETED
1789183169,1789183191,COMPLETED
1789186769,1789186790,COMPLETED
1789190369,1789190391,COMPLETED
1789193970,1789193992,COMPLETED
1789197570,1789197593,COMPLETED
1789201169,1789201194,COMPLETED
1789204770,1789204792,COMPLETED
1789208369,1789208391,COMPLETED
1789211970,1789211992,COMPLETED
1789215570,1789215592,COMPLETED
1789219169,1789219193,COMPLETED
1789222770,1789222795,COMPLETED
1789226373,1789226395,COMPLETED
1789229970,1789229992,COMPLETED
1789233573,1789233595,COMPLETED
1789237170,1789237192,COMPLETED
1789240769,1789240791,COMPLETED
1789244369,1789244391,COMPLETED
1789247969,1789247991,COMPLETED
1789251569,1789251592,COMPLETED
1789255171,1789255193,COMPLETED
1789258770,1789258793,COMPLETED
1789262369,1789262393,COMPLETED
1789265970,1789265992,COMPLETED
1789269569,1789269592,COMPLETED
1789273170,1789273193,COMPLETED
1789276770,1789276792,COMPLETED
1789280371,1789280395,COMPLETED
1789283970,1789283992,COMPLETED
1789287571,1789287593,COMPLETED
1789291170,1789291194,COMPLETED
1789294770,1789294792,COMPLETED
1789298370,1789298392,COMPLETED
1789301969,1789301992,COMPLETED
1789305572,1789305595,COMPLETED
1789309171,1789309193,COMPLETED
1789312769,1789312793,COMPLETED
1789316370,1789316393,COMPLETED
1789319970,1789319992,COMPLETED
1789323570,1789323593,COMPLETED
1789327169,1789327192,COMPLETED
1789330769,1789330792,COMPLETED
1789334370,1789334504,COMPLETED
1789337969,1789337992,COMPLETED
1789341570,1789341591,COMPLETED
1789345170,1789345192,COMPLETED
1789348769,1789348791,COMPLETED
1789352370,1789352392,COMPLETED
1789355970,1789355991,COMPLETED
1789359570,1789359592,COMPLETED
1789363170,1789363192,COMPLETED
1789366770,1789366792,COMPLETED
1789370369,1789370391,COMPLETED
1789373970,1789373991,COMPLETED
1789377569,1789377593,COMPLETED
1789381172,1789381199,COMPLETED
1789384770,1789384792,COMPLETED
1789388369,1789388393,COMPLETED
1789391970,1789391993,COMPLETED
1789395570,1789395594,COMPLETED
1789399170,1789399194,COMPLETED
1789402770,1789402792,COMPLETED
1789406370,1789406394,COMPLETED
1789409970,1789409996,COMPLETED
1789413570,1789413593,COMPLETED
1789417169,1789417192,COMPLETED
1789420769,1789420791,COMPLETED
1789424369,1789424392,COMPLETED
1789427970,1789427992,COMPLETED
1789431569,1789431591,COMPLETED
1789435170,1789435192,COMPLETED
1789438769,1789438791,COMPLETED
1789442370,1789442392,COMPLETED
1789445969,1789445991,COMPLETED
1789449570,1789449592,COMPLETED
1789453169,1789453191,COMPLETED
1789456769,1789456791,COMPLETED
1789460370,1789460392,COMPLETED
1789463970,1789463993,COMPLETED
1789467572,1789467595,COMPLETED
1789471169,1789471193,COMPLETED
1789476398,1789476426,COMPLETED
1789479998,1789480022,COMPLETED
1789483597,1789483621,COMPLETED
1789487197,1789487220,COMPLETED
1789490798,1789490820,COMPLETED
1789494397,1789494420,COMPLETED
1789497998,1789498020,COMPLETED
1789501597,1789501620,COMPLETED
1789505197,1789505219,COMPLETED
1789508798,1789508821,COMPLETED
1789512398,1789512420,COMPLETED
1789515998,1789516021,COMPLETED
1789519597,1789519618,COMPLETED
1789523197,1789523209,COMPLETED
1789526798,1789526819,COMPLETED
1789530398,1789530420,COMPLETED
1789533997,1789534020,COMPLETED
1789537597,1789537620,COMPLETED
1789541197,1789541221,COMPLETED
1789544798,1789544820,COMPLETED
1789548398,1789548420,COMPLETED
1789551997,1789552020,COMPLETED
1789555597,1789555619,COMPLETED
1789559198,1789559220,COMPLETED
1789562798,1789562821,COMPLETED
1789566398,1789566421,COMPLETED
1789569997,1789570022,COMPLETED
1789573597,1789573620,COMPLETED
1789577197,1789577219,COMPLETED
1789580797,1789580820,COMPLETED
1789584397,1789584419,COMPLETED
1789587997,1789588020,COMPLETED
1789591597,1789591620,COMPLETED
1789595198,1789595220,COMPLETED
1789598797,1789598821,COMPLETED
1789602398,1789602421,COMPLETED
1789605997,1789606019,COMPLETED
1789609597,1789609619,COMPLETED
1789613197,1789613220,COMPLETED
1789616798,1789616819,COMPLETED
1789620397,1789620420,COMPLETED
1789623997,1789624021,COMPLETED
1789627597,1789627620,COMPLETED
1789631197,1789631221,COMPLETED
1789634797,1789634820,COMPLETED
1789638397,1789638419,COMPLETED
1789641997,1789642020,COMPLETED
1789645597,1789645620,COMPLETED
1789649200,1789649223,COMPLETED
1789652797,1789652821,COMPLETED
1789656397,1789656421,COMPLETED
1789659997,1789660026,COMPLETED
1789663597,1789663622,COMPLETED
1789667197,1789667220,COMPLETED
1789670797,1789670819,COMPLETED
1789674399,1789674423,COMPLETED
1789677997,1789678021,COMPLETED
1789681598,1789681620,COMPLETED
1789685197,1789685220,COMPLETED
1789688798,1789688820,COMPLETED
1789692398,1789692420,COMPLETED
1789695997,1789696019,COMPLETED
1789699597,1789699619,COMPLETED
1789703197,1789703219,COMPLETED
1789706798,1789706821,COMPLETED
1789710397,1789710420,COMPLETED
1789713997,1789714020,COMPLETED
1789717598,1789717621,COMPLETED
1789721197,1789721221,COMPLETED
1789724797,1789724820,COMPLETED
1789728397,1789728419,COMPLETED
1789731999,1789732023,COMPLETED
1789735597,1789735619,COMPLETED
1789739197,1789739220,COMPLETED
1789742797,1789742821,COMPLETED
1789746397,1789746419,COMPLETED
1789750001,1789750023,COMPLETED
1789753598,1789753622,COMPLETED
1789757197,1789757222,COMPLETED
1789760798,1789760821,COMPLETED
1789764399,1789764424,COMPLETED
1789767997,1789768021,COMPLETED
1789771598,1789771620,COMPLETED
1789775197,1789775219,COMPLETED
1789778798,1789778820,COMPLETED
1789782398,1789782420,COMPLETED
1789785997,1789786020,COMPLETED
1789789598,1789789620,COMPLETED
1789793198,1789793219,COMPLETED
1789796797,1789796819,COMPLETED
1789800400,1789800422,COMPLETED
1789804001,1789804023,COMPLETED
1789807598,1789807620,COMPLETED
1789811197,1789811219,COMPLETED
1789814797,1789814820,COMPLETED
1789818399,1789818421,COMPLETED
1789821997,1789822021,COMPLETED
1789825597,1789825621,COMPLETED
1789829198,1789829221,COMPLETED
1789832797,1789832819,COMPLETED
1789836398,1789836420,COMPLETED
1789839997,1789840020,COMPLETED
1789843597,1789843621,COMPLETED
1789847197,1789847219,COMPLETED
1789850798,1789850820,COMPLETED
1789854397,1789854419,COMPLETED
1789857997,1789858019,COMPLETED
1789861597,1789861619,COMPLETED
1789865197,1789865220,COMPLETED
1789868797,1789868820,COMPLETED
1789872398,1789872420,COMPLETED
1789876000,1789876023,COMPLETED
1789879598,1789879620,COMPLETED
1789883197,1789883220,COMPLETED
1789886799,1789886820,COMPLETED
1789890397,1789890418,COMPLETED
1789893998,1789894020,COMPLETED
1789897597,1789897620,COMPLETED
1789901198,1789901220,COMPLETED
1789904797,1789904819,COMPLETED
1789908398,1789908419,COMPLETED
1789911998,1789912020,COMPLETED
1789915597,1789915620,COMPLETED
1789919198,1789919220,COMPLETED
1789922797,1789922821,COMPLETED
1789926397,1789926419,COMPLETED
1789929997,1789930020,COMPLETED
1789933597,1789933620,COMPLETED
1789937197,1789937219,COMPLETED
1789940797,1789940820,COMPLETED
1789944397,1789944420,COMPLETED
1789947997,1789948020,COMPLETED
1789951597,1789951619,COMPLETED
1789955197,1789955219,COMPLETED
1789958798,1789958819,COMPLETED
1789962398,1789962419,COMPLETED
1789965998,1789966018,COMPLETED
1789969597,1789969619,COMPLETED
1789973198,1789973219,COMPLETED
1789976798,1789976819,COMPLETED
1789980397,1789980419,COMPLETED
1789983997,1789984021,COMPLETED
1789987597,1789987621,COMPLETED
1789991197,1789991220,COMPLETED
1789994797,1789994820,COMPLETED
1789998397,1789998421,COMPLETED
1790001998,1790002022,COMPLETED
1790005597,1790005622,COMPLETED
1790009197,1790009222,COMPLETED
1790012797,1790012820,COMPLETED
1790016397,1790016421,COMPLETED
1790019997,1790020022,COMPLETED
1790023597,1790023619,COMPLETED
1790027197,1790027220,COMPLETED
1790030797,1790030819,COMPLETED
1790034397,1790034418,COMPLETED
1790037997,1790038018,COMPLETED
1790041597,1790041618,COMPLETED
1790045198,1790045219,COMPLETED
1790048797,1790048819,COMPLETED
1790052398,1790052419,COMPLETED
1790055998,1790056020,COMPLETED
1790059597,1790059618,COMPLETED
1790063199,1790063221,COMPLETED
1790066798,1790066821,COMPLETED
1790070398,1790070420,COMPLETED
1790073997,1790074021,COMPLETED
1790077597,1790077620,COMPLETED
1790081197,1790081220,COMPLETED
1790084797,1790084820,COMPLETED
1790088397,1790088420,COMPLETED
1790092000,1790092023,COMPLETED
1790095599,1790095621,COMPLETED
1790099198,1790099222,COMPLETED
1790102797,1790102820,COMPLETED
1790106397,1790106420,COMPLETED
1790109998,1790110021,COMPLETED
1790113597,1790113620,COMPLETED
1790117197,1790117220,COMPLETED
1790120797,1790120820,COMPLETED
1790124397,1790124419,COMPLETED
1790127997,1790128019,COMPLETED
1790131597,1790131619,COMPLETED
1790135197,1790135220,COMPLETED
1790138797,1790138820,COMPLETED
1790142398,1790142421,COMPLETED
1790145998,1790146023,COMPLETED
1790149597,1790149621,COMPLETED
1790153197,1790153220,COMPLETED
1790156798,1790156821,COMPLETED
1790160397,1790160421,COMPLETED
1790163997,1790164020,COMPLETED
1790167597,1790167620,COMPLETED
1790171198,1790171223,COMPLETED
1790174798,1790174821,COMPLETED
1790178398,1790178422,COMPLETED
1790181997,1790182020,COMPLETED
1790185597,1790185620,COMPLETED
1790189198,1790189221,COMPLETED
1790192797,1790192820,COMPLETED
1790196397,1790196420,COMPLETED
1790199998,1790200021,COMPLETED
1790203597,1790203620,COMPLETED
1790207198,1790207221,COMPLETED
1790210797,1790210819,COMPLETED
1790214398,1790214420,COMPLETED
1790217997,1790218019,COMPLETED
1790221597,1790221619,COMPLETED
1790225198,1790225221,COMPLETED
1790228797,1790228821,COMPLETED
1790232397,1790232420,COMPLETED
1790235997,1790236020,COMPLETED
1790239598,1790239620,COMPLETED
1790243198,1790243223,COMPLETED
1790246797,1790246821,COMPLETED
1790250397,1790250421,COMPLETED
1790253997,1790254020,COMPLETED
1790257599,1790257612,COMPLETED
1790261197,1790261209,COMPLETED
1790264800,1790264813,COMPLETED
1790268397,1790268410,COMPLETED
1790271997,1790272010,COMPLETED
1790275597,1790275609,COMPLETED
1790279198,1790279210,COMPLETED
1790282799,1790282811,COMPLETED
1790286398,1790286410,COMPLETED
1790289998,1790290010,COMPLETED
1790293598,1790293620,COMPLETED
1790297198,1790297210,COMPLETED
1790300798,1790300809,COMPLETED
1790304397,1790304410,COMPLETED
1790307997,1790308009,COMPLETED
1790311597,1790311610,COMPLETED
1790315200,1790315222,COMPLETED
1790318798,1790318819,COMPLETED
1790322397,1790322419,COMPLETED
1790325998,1790326010,COMPLETED
1790329597,1790329618,COMPLETED
1790333200,1790333221,COMPLETED
1790336797,1790336809,COMPLETED
1790340397,1790340410,COMPLETED
1790343997,1790344011,COMPLETED
1790347597,1790347622,COMPLETED
1790351199,1790351211,COMPLETED
1790354798,1790354820,COMPLETED
1790358397,1790358409,COMPLETED
1790361997,1790362019,COMPLETED
1790365597,1790365610,COMPLETED
1790369197,1790369209,COMPLETED
1790372797,1790372819,COMPLETED
1790376398,1790376419,COMPLETED
1790379998,1790380010,COMPLETED
1790383598,1790383610,COMPLETED
1790387197,1790387210,COMPLETED
1790390798,1790390810,COMPLETED
1790394397,1790394409,COMPLETED
1790397998,1790398010,COMPLETED
1790401597,1790401609,COMPLETED
1790405197,1790405220,COMPLETED
1790408797,1790408809,COMPLETED
1790412397,1790412409,COMPLETED
1790415997,1790416019,COMPLETED
1790419597,1790419610,COMPLETED
1790423199,1790423212,COMPLETED
1790426797,1790426809,COMPLETED
1790430398,1790430410,COMPLETED
1790433998,1790434010,COMPLETED
1790437597,1790437609,COMPLETED
1790441197,1790441209,COMPLETED
1790444797,1790444809,COMPLETED
1790448397,1790448409,COMPLETED
1790451997,1790452009,COMPLETED
1790455598,1790455610,COMPLETED
1790459197,1790459219,COMPLETED
1790462798,1790462810,COMPLETED
1790466397,1790466409,COMPLETED
1790469997,1790470009,COMPLETED
1790473598,1790473610,COMPLETED
1790477197,1790477210,COMPLETED
1790480797,1790480809,COMPLETED
1790484397,1790484409,COMPLETED
1790487997,1790488009,COMPLETED
1790491597,1790491609,COMPLETED
1790495197,1790495219,COMPLETED
1790498798,1790498819,COMPLETED
1790502397,1790502409,COMPLETED
1790505998,1790506010,COMPLETED
1790509598,1790509619,COMPLETED
1790513197,1790513210,COMPLETED
1790516797,1790516810,COMPLETED
1790520398,1790520410,COMPLETED
1790523997,1790524009,COMPLETED
1790527597,1790527609,COMPLETED
1790531197,1790531209,COMPLETED
1790534797,1790534809,COMPLETED
1790538397,1790538409,COMPLETED
1790541998,1790542010,COMPLETED
1790545597,1790545610,COMPLETED
1790549198,1790549210,COMPLETED
1790552797,1790552819,COMPLETED
1790556397,1790556409,COMPLETED
1790560001,1790560013,COMPLETED
1790563597,1790563609,COMPLETED
1790567197,1790567219,COMPLETED
1790570801,1790570812,COMPLETED
1790574397,1790574419,COMPLETED
1790577997,1790578018,COMPLETED
1790581597,1790581618,COMPLETED
1790585197,1790585209,COMPLETED
1790588797,1790588818,COMPLETED
1790592397,1790592410,COMPLETED
1790595997,1790596010,COMPLETED
1790599597,1790599618,COMPLETED
1790603198,1790603220,COMPLETED
1790606797,1790606820,COMPLETED
1790610398,1790610410,COMPLETED
1790613998,1790614011,COMPLETED
1790617597,1790617620,COMPLETED
1790621197,1790621219,COMPLETED
1790624797,1790624819,COMPLETED
1790636322,1790636354,COMPLETED
1790639920,1790639944,COMPLETED
1790643521,1790643534,COMPLETED
1790647120,1790647142,COMPLETED
1790650720,1790650732,COMPLETED
1790654320,1790654343,COMPLETED
1790657920,1790657942,COMPLETED
1790661520,1790661542,COMPLETED
1790665122,1790665144,COMPLETED
1790668721,1790668743,COMPLETED
1790672322,1790672345,COMPLETED
1790675922,1790675944,COMPLETED
1790679520,1790679543,COMPLETED
1790683120,1790683143,COMPLETED
1790686720,1790686743,COMPLETED
1790690320,1790690344,COMPLETED
1790693920,1790693943,COMPLETED
1790697520,1790697543,COMPLETED
1790701120,1790701144,COMPLETED
1790704720,1790704743,COMPLETED
1790708320,1790708343,COMPLETED
1790711920,1790711945,COMPLETED
1790715520,1790715542,COMPLETED
1790719120,1790719144,COMPLETED
1790722721,1790722744,COMPLETED
1790726320,1790726343,COMPLETED
1790729920,1790729942,COMPLETED
1790733520,1790733542,COMPLETED
1790737120,1790737142,COMPLETED
1790740720,1790740742,COMPLETED
1790744320,1790744342,COMPLETED
1790747920,1790747943,COMPLETED
1790751520,1790751542,COMPLETED
1790755122,1790755135,COMPLETED
1790758721,1790758744,COMPLETED
1790762320,1790762344,COMPLETED
1790765920,1790765943,COMPLETED
1790769521,1790769544,COMPLETED
1790773121,1790773145,COMPLETED
1790776720,1790776743,COMPLETED
1790780321,1790780344,COMPLETED
1790783920,1790783944,COMPLETED
1790787521,1790787545,COMPLETED
1790791120,1790791145,COMPLETED
1790794720,1790794745,COMPLETED
1790798321,1790798344,COMPLETED
1790801921,1790801946,COMPLETED
1790805520,1790805546,COMPLETED
1790809120,1790809144,COMPLETED
1790812720,1790812742,COMPLETED
1790816320,1790816343,COMPLETED
1790819920,1790819933,COMPLETED
1790823520,1790823543,COMPLETED
1790827123,1790827145,COMPLETED
1790830721,1790830743,COMPLETED
1790834320,1790834343,COMPLETED
1790837921,1790837933,COMPLETED
1790841520,1790841543,COMPLETED
1790845121,1790845144,COMPLETED
1790848721,1790848743,COMPLETED
1790852321,1790852344,COMPLETED
1790855920,1790855944,COMPLETED
1790859521,1790859544,COMPLETED
1790863120,1790863143,COMPLETED
1790866720,1790866745,COMPLETED
1790870321,1790870345,COMPLETED
1790873920,1790873945,COMPLETED
1790877520,1790877543,COMPLETED
1790881120,1790881143,COMPLETED
1790884720,1790884743,COMPLETED
1790888321,1790888344,COMPLETED
1790891920,1790891942,COMPLETED
1790895520,1790895544,COMPLETED
1790899120,1790899143,COMPLETED
1790902723,1790902745,COMPLETED
1790906320,1790906343,COMPLETED
1790909920,1790909942,COMPLETED
1790913521,1790913543,COMPLETED
1790917120,1790917143,COMPLETED
1790920720,1790920742,COMPLETED
1790924320,1790924342,COMPLETED
1790927920,1790927942,COMPLETED
1790931520,1790931543,COMPLETED
1790935120,1790935143,COMPLETED
1790938721,1790938743,COMPLETED
1790942320,1790942344,COMPLETED
1790945920,1790945944,COMPLETED
1790949520,1790949544,COMPLETED
1790953121,1790953145,COMPLETED
