scenario,run,start,end,kind,key,value_at_start,value_at_end
sentiment_warm,1,1790789105,1790789758,requests,/ 2xx,22,22
sentiment_warm,1,1790789105,1790789758,requests,/ 4xx,4,4
sentiment_warm,1,1790789105,1790789758,requests,/api/v1/search/semantic 2xx,480,480
sentiment_warm,1,1790789105,1790789758,requests,/api/v1/sentiment/{ticker} 2xx,731,971
sentiment_warm,1,1790789105,1790789758,requests,/docs 2xx,2,2
sentiment_warm,1,1790789105,1790789758,requests,none 4xx,47,48
sentiment_warm,1,1790789105,1790789758,bucket,+Inf,1286,1527
sentiment_warm,1,1790789105,1790789758,bucket,0.01,780,1018
sentiment_warm,1,1790789105,1790789758,bucket,0.025,801,1039
sentiment_warm,1,1790789105,1790789758,bucket,0.05,1028,1266
sentiment_warm,1,1790789105,1790789758,bucket,0.075,1184,1424
sentiment_warm,1,1790789105,1790789758,bucket,0.1,1278,1519
sentiment_warm,1,1790789105,1790789758,bucket,0.25,1281,1522
sentiment_warm,1,1790789105,1790789758,bucket,0.5,1282,1523
sentiment_warm,1,1790789105,1790789758,bucket,0.75,1285,1526
sentiment_warm,1,1790789105,1790789758,bucket,1.0,1285,1526
sentiment_warm,1,1790789105,1790789758,bucket,1.5,1285,1526
sentiment_warm,1,1790789105,1790789758,bucket,10.0,1286,1527
sentiment_warm,1,1790789105,1790789758,bucket,2.0,1285,1526
sentiment_warm,1,1790789105,1790789758,bucket,2.5,1285,1526
sentiment_warm,1,1790789105,1790789758,bucket,3.0,1285,1526
sentiment_warm,1,1790789105,1790789758,bucket,3.5,1285,1526
sentiment_warm,1,1790789105,1790789758,bucket,30.0,1286,1527
sentiment_warm,1,1790789105,1790789758,bucket,4.0,1285,1526
sentiment_warm,1,1790789105,1790789758,bucket,4.5,1285,1526
sentiment_warm,1,1790789105,1790789758,bucket,5.0,1285,1526
sentiment_warm,1,1790789105,1790789758,bucket,60.0,1286,1527
sentiment_warm,1,1790789105,1790789758,bucket,7.5,1285,1526
sentiment_cold,1,1790790097,1790790750,requests,/ 2xx,22,23
sentiment_cold,1,1790790097,1790790750,requests,/ 4xx,4,4
sentiment_cold,1,1790790097,1790790750,requests,/api/v1/search/semantic 2xx,480,480
sentiment_cold,1,1790790097,1790790750,requests,/api/v1/sentiment/{ticker} 2xx,971,1211
sentiment_cold,1,1790790097,1790790750,requests,/docs 2xx,2,2
sentiment_cold,1,1790790097,1790790750,requests,none 4xx,48,48
sentiment_cold,1,1790790097,1790790750,bucket,+Inf,1527,1768
sentiment_cold,1,1790790097,1790790750,bucket,0.01,1018,1019
sentiment_cold,1,1790790097,1790790750,bucket,0.025,1039,1040
sentiment_cold,1,1790790097,1790790750,bucket,0.05,1266,1277
sentiment_cold,1,1790790097,1790790750,bucket,0.075,1424,1562
sentiment_cold,1,1790790097,1790790750,bucket,0.1,1519,1758
sentiment_cold,1,1790790097,1790790750,bucket,0.25,1522,1762
sentiment_cold,1,1790790097,1790790750,bucket,0.5,1523,1763
sentiment_cold,1,1790790097,1790790750,bucket,0.75,1526,1766
sentiment_cold,1,1790790097,1790790750,bucket,1.0,1526,1766
sentiment_cold,1,1790790097,1790790750,bucket,1.5,1526,1766
sentiment_cold,1,1790790097,1790790750,bucket,10.0,1527,1768
sentiment_cold,1,1790790097,1790790750,bucket,2.0,1526,1766
sentiment_cold,1,1790790097,1790790750,bucket,2.5,1526,1766
sentiment_cold,1,1790790097,1790790750,bucket,3.0,1526,1766
sentiment_cold,1,1790790097,1790790750,bucket,3.5,1526,1766
sentiment_cold,1,1790790097,1790790750,bucket,30.0,1527,1768
sentiment_cold,1,1790790097,1790790750,bucket,4.0,1526,1766
sentiment_cold,1,1790790097,1790790750,bucket,4.5,1526,1766
sentiment_cold,1,1790790097,1790790750,bucket,5.0,1526,1766
sentiment_cold,1,1790790097,1790790750,bucket,60.0,1527,1768
sentiment_cold,1,1790790097,1790790750,bucket,7.5,1526,1767
search_warm,1,1790791503,1790792159,requests,/ 2xx,23,23
search_warm,1,1790791503,1790792159,requests,/ 4xx,4,4
search_warm,1,1790791503,1790792159,requests,/api/v1/search/semantic 2xx,480,720
search_warm,1,1790791503,1790792159,requests,/api/v1/sentiment/{ticker} 2xx,1211,1211
search_warm,1,1790791503,1790792159,requests,/docs 2xx,2,2
search_warm,1,1790791503,1790792159,requests,none 4xx,48,48
search_warm,1,1790791503,1790792159,bucket,+Inf,1768,2008
search_warm,1,1790791503,1790792159,bucket,0.01,1019,1256
search_warm,1,1790791503,1790792159,bucket,0.025,1040,1277
search_warm,1,1790791503,1790792159,bucket,0.05,1277,1516
search_warm,1,1790791503,1790792159,bucket,0.075,1562,1802
search_warm,1,1790791503,1790792159,bucket,0.1,1758,1998
search_warm,1,1790791503,1790792159,bucket,0.25,1762,2002
search_warm,1,1790791503,1790792159,bucket,0.5,1763,2003
search_warm,1,1790791503,1790792159,bucket,0.75,1766,2006
search_warm,1,1790791503,1790792159,bucket,1.0,1766,2006
search_warm,1,1790791503,1790792159,bucket,1.5,1766,2006
search_warm,1,1790791503,1790792159,bucket,10.0,1768,2008
search_warm,1,1790791503,1790792159,bucket,2.0,1766,2006
search_warm,1,1790791503,1790792159,bucket,2.5,1766,2006
search_warm,1,1790791503,1790792159,bucket,3.0,1766,2006
search_warm,1,1790791503,1790792159,bucket,3.5,1766,2006
search_warm,1,1790791503,1790792159,bucket,30.0,1768,2008
search_warm,1,1790791503,1790792159,bucket,4.0,1766,2006
search_warm,1,1790791503,1790792159,bucket,4.5,1766,2006
search_warm,1,1790791503,1790792159,bucket,5.0,1766,2006
search_warm,1,1790791503,1790792159,bucket,60.0,1768,2008
search_warm,1,1790791503,1790792159,bucket,7.5,1767,2007
search_cold,1,1790792499,1790793151,requests,/ 2xx,23,23
search_cold,1,1790792499,1790793151,requests,/ 4xx,4,4
search_cold,1,1790792499,1790793151,requests,/api/v1/search/semantic 2xx,720,960
search_cold,1,1790792499,1790793151,requests,/api/v1/sentiment/{ticker} 2xx,1211,1211
search_cold,1,1790792499,1790793151,requests,/docs 2xx,2,2
search_cold,1,1790792499,1790793151,requests,none 4xx,48,48
search_cold,1,1790792499,1790793151,bucket,+Inf,2008,2248
search_cold,1,1790792499,1790793151,bucket,0.01,1256,1256
search_cold,1,1790792499,1790793151,bucket,0.025,1277,1292
search_cold,1,1790792499,1790793151,bucket,0.05,1516,1744
search_cold,1,1790792499,1790793151,bucket,0.075,1802,2040
search_cold,1,1790792499,1790793151,bucket,0.1,1998,2238
search_cold,1,1790792499,1790793151,bucket,0.25,2002,2242
search_cold,1,1790792499,1790793151,bucket,0.5,2003,2243
search_cold,1,1790792499,1790793151,bucket,0.75,2006,2246
search_cold,1,1790792499,1790793151,bucket,1.0,2006,2246
search_cold,1,1790792499,1790793151,bucket,1.5,2006,2246
search_cold,1,1790792499,1790793151,bucket,10.0,2008,2248
search_cold,1,1790792499,1790793151,bucket,2.0,2006,2246
search_cold,1,1790792499,1790793151,bucket,2.5,2006,2246
search_cold,1,1790792499,1790793151,bucket,3.0,2006,2246
search_cold,1,1790792499,1790793151,bucket,3.5,2006,2246
search_cold,1,1790792499,1790793151,bucket,30.0,2008,2248
search_cold,1,1790792499,1790793151,bucket,4.0,2006,2246
search_cold,1,1790792499,1790793151,bucket,4.5,2006,2246
search_cold,1,1790792499,1790793151,bucket,5.0,2006,2246
search_cold,1,1790792499,1790793151,bucket,60.0,2008,2248
search_cold,1,1790792499,1790793151,bucket,7.5,2007,2247
sentiment_warm,2,1790793491,1790794144,requests,/ 2xx,23,23
sentiment_warm,2,1790793491,1790794144,requests,/ 4xx,4,4
sentiment_warm,2,1790793491,1790794144,requests,/api/v1/search/semantic 2xx,960,960
sentiment_warm,2,1790793491,1790794144,requests,/api/v1/sentiment/{ticker} 2xx,1211,1451
sentiment_warm,2,1790793491,1790794144,requests,/docs 2xx,2,2
sentiment_warm,2,1790793491,1790794144,requests,none 4xx,48,48
sentiment_warm,2,1790793491,1790794144,bucket,+Inf,2248,2488
sentiment_warm,2,1790793491,1790794144,bucket,0.01,1256,1493
sentiment_warm,2,1790793491,1790794144,bucket,0.025,1292,1529
sentiment_warm,2,1790793491,1790794144,bucket,0.05,1744,1981
sentiment_warm,2,1790793491,1790794144,bucket,0.075,2040,2278
sentiment_warm,2,1790793491,1790794144,bucket,0.1,2238,2478
sentiment_warm,2,1790793491,1790794144,bucket,0.25,2242,2482
sentiment_warm,2,1790793491,1790794144,bucket,0.5,2243,2483
sentiment_warm,2,1790793491,1790794144,bucket,0.75,2246,2486
sentiment_warm,2,1790793491,1790794144,bucket,1.0,2246,2486
sentiment_warm,2,1790793491,1790794144,bucket,1.5,2246,2486
sentiment_warm,2,1790793491,1790794144,bucket,10.0,2248,2488
sentiment_warm,2,1790793491,1790794144,bucket,2.0,2246,2486
sentiment_warm,2,1790793491,1790794144,bucket,2.5,2246,2486
sentiment_warm,2,1790793491,1790794144,bucket,3.0,2246,2486
sentiment_warm,2,1790793491,1790794144,bucket,3.5,2246,2486
sentiment_warm,2,1790793491,1790794144,bucket,30.0,2248,2488
sentiment_warm,2,1790793491,1790794144,bucket,4.0,2246,2486
sentiment_warm,2,1790793491,1790794144,bucket,4.5,2246,2486
sentiment_warm,2,1790793491,1790794144,bucket,5.0,2246,2486
sentiment_warm,2,1790793491,1790794144,bucket,60.0,2248,2488
sentiment_warm,2,1790793491,1790794144,bucket,7.5,2247,2487
sentiment_cold,2,1790795116,1790795772,requests,/ 2xx,23,23
sentiment_cold,2,1790795116,1790795772,requests,/ 4xx,4,4
sentiment_cold,2,1790795116,1790795772,requests,/api/v1/search/semantic 2xx,960,960
sentiment_cold,2,1790795116,1790795772,requests,/api/v1/sentiment/{ticker} 2xx,1451,1691
sentiment_cold,2,1790795116,1790795772,requests,/docs 2xx,2,2
sentiment_cold,2,1790795116,1790795772,requests,none 4xx,48,48
sentiment_cold,2,1790795116,1790795772,bucket,+Inf,2488,2728
sentiment_cold,2,1790795116,1790795772,bucket,0.01,1493,1493
sentiment_cold,2,1790795116,1790795772,bucket,0.025,1529,1529
sentiment_cold,2,1790795116,1790795772,bucket,0.05,1981,1996
sentiment_cold,2,1790795116,1790795772,bucket,0.075,2278,2420
sentiment_cold,2,1790795116,1790795772,bucket,0.1,2478,2717
sentiment_cold,2,1790795116,1790795772,bucket,0.25,2482,2722
sentiment_cold,2,1790795116,1790795772,bucket,0.5,2483,2723
sentiment_cold,2,1790795116,1790795772,bucket,0.75,2486,2726
sentiment_cold,2,1790795116,1790795772,bucket,1.0,2486,2726
sentiment_cold,2,1790795116,1790795772,bucket,1.5,2486,2726
sentiment_cold,2,1790795116,1790795772,bucket,10.0,2488,2728
sentiment_cold,2,1790795116,1790795772,bucket,2.0,2486,2726
sentiment_cold,2,1790795116,1790795772,bucket,2.5,2486,2726
sentiment_cold,2,1790795116,1790795772,bucket,3.0,2486,2726
sentiment_cold,2,1790795116,1790795772,bucket,3.5,2486,2726
sentiment_cold,2,1790795116,1790795772,bucket,30.0,2488,2728
sentiment_cold,2,1790795116,1790795772,bucket,4.0,2486,2726
sentiment_cold,2,1790795116,1790795772,bucket,4.5,2486,2726
sentiment_cold,2,1790795116,1790795772,bucket,5.0,2486,2726
sentiment_cold,2,1790795116,1790795772,bucket,60.0,2488,2728
sentiment_cold,2,1790795116,1790795772,bucket,7.5,2487,2727
search_warm,2,1790796108,1790796764,requests,/ 2xx,23,23
search_warm,2,1790796108,1790796764,requests,/ 4xx,4,4
search_warm,2,1790796108,1790796764,requests,/api/v1/search/semantic 2xx,960,1200
search_warm,2,1790796108,1790796764,requests,/api/v1/sentiment/{ticker} 2xx,1691,1691
search_warm,2,1790796108,1790796764,requests,/docs 2xx,2,2
search_warm,2,1790796108,1790796764,requests,none 4xx,48,48
search_warm,2,1790796108,1790796764,bucket,+Inf,2728,2968
search_warm,2,1790796108,1790796764,bucket,0.01,1493,1730
search_warm,2,1790796108,1790796764,bucket,0.025,1529,1766
search_warm,2,1790796108,1790796764,bucket,0.05,1996,2235
search_warm,2,1790796108,1790796764,bucket,0.075,2420,2660
search_warm,2,1790796108,1790796764,bucket,0.1,2717,2957
search_warm,2,1790796108,1790796764,bucket,0.25,2722,2962
search_warm,2,1790796108,1790796764,bucket,0.5,2723,2963
search_warm,2,1790796108,1790796764,bucket,0.75,2726,2966
search_warm,2,1790796108,1790796764,bucket,1.0,2726,2966
search_warm,2,1790796108,1790796764,bucket,1.5,2726,2966
search_warm,2,1790796108,1790796764,bucket,10.0,2728,2968
search_warm,2,1790796108,1790796764,bucket,2.0,2726,2966
search_warm,2,1790796108,1790796764,bucket,2.5,2726,2966
search_warm,2,1790796108,1790796764,bucket,3.0,2726,2966
search_warm,2,1790796108,1790796764,bucket,3.5,2726,2966
search_warm,2,1790796108,1790796764,bucket,30.0,2728,2968
search_warm,2,1790796108,1790796764,bucket,4.0,2726,2966
search_warm,2,1790796108,1790796764,bucket,4.5,2726,2966
search_warm,2,1790796108,1790796764,bucket,5.0,2726,2966
search_warm,2,1790796108,1790796764,bucket,60.0,2728,2968
search_warm,2,1790796108,1790796764,bucket,7.5,2727,2967
search_cold,2,1790797101,1790797756,requests,/ 2xx,23,23
search_cold,2,1790797101,1790797756,requests,/ 4xx,4,4
search_cold,2,1790797101,1790797756,requests,/api/v1/search/semantic 2xx,1200,1440
search_cold,2,1790797101,1790797756,requests,/api/v1/sentiment/{ticker} 2xx,1691,1691
search_cold,2,1790797101,1790797756,requests,/docs 2xx,2,2
search_cold,2,1790797101,1790797756,requests,none 4xx,48,48
search_cold,2,1790797101,1790797756,bucket,+Inf,2968,3208
search_cold,2,1790797101,1790797756,bucket,0.01,1730,1730
search_cold,2,1790797101,1790797756,bucket,0.025,1766,1790
search_cold,2,1790797101,1790797756,bucket,0.05,2235,2475
search_cold,2,1790797101,1790797756,bucket,0.075,2660,2900
search_cold,2,1790797101,1790797756,bucket,0.1,2957,3197
search_cold,2,1790797101,1790797756,bucket,0.25,2962,3202
search_cold,2,1790797101,1790797756,bucket,0.5,2963,3203
search_cold,2,1790797101,1790797756,bucket,0.75,2966,3206
search_cold,2,1790797101,1790797756,bucket,1.0,2966,3206
search_cold,2,1790797101,1790797756,bucket,1.5,2966,3206
search_cold,2,1790797101,1790797756,bucket,10.0,2968,3208
search_cold,2,1790797101,1790797756,bucket,2.0,2966,3206
search_cold,2,1790797101,1790797756,bucket,2.5,2966,3206
search_cold,2,1790797101,1790797756,bucket,3.0,2966,3206
search_cold,2,1790797101,1790797756,bucket,3.5,2966,3206
search_cold,2,1790797101,1790797756,bucket,30.0,2968,3208
search_cold,2,1790797101,1790797756,bucket,4.0,2966,3206
search_cold,2,1790797101,1790797756,bucket,4.5,2966,3206
search_cold,2,1790797101,1790797756,bucket,5.0,2966,3206
search_cold,2,1790797101,1790797756,bucket,60.0,2968,3208
search_cold,2,1790797101,1790797756,bucket,7.5,2967,3207
sentiment_warm,3,1790798706,1790799361,requests,/ 2xx,23,23
sentiment_warm,3,1790798706,1790799361,requests,/ 4xx,4,4
sentiment_warm,3,1790798706,1790799361,requests,/api/v1/search/semantic 2xx,1440,1440
sentiment_warm,3,1790798706,1790799361,requests,/api/v1/sentiment/{ticker} 2xx,1691,1931
sentiment_warm,3,1790798706,1790799361,requests,/docs 2xx,2,2
sentiment_warm,3,1790798706,1790799361,requests,none 4xx,48,48
sentiment_warm,3,1790798706,1790799361,bucket,+Inf,3208,3448
sentiment_warm,3,1790798706,1790799361,bucket,0.01,1730,1967
sentiment_warm,3,1790798706,1790799361,bucket,0.025,1790,2027
sentiment_warm,3,1790798706,1790799361,bucket,0.05,2475,2712
sentiment_warm,3,1790798706,1790799361,bucket,0.075,2900,3137
sentiment_warm,3,1790798706,1790799361,bucket,0.1,3197,3437
sentiment_warm,3,1790798706,1790799361,bucket,0.25,3202,3442
sentiment_warm,3,1790798706,1790799361,bucket,0.5,3203,3443
sentiment_warm,3,1790798706,1790799361,bucket,0.75,3206,3446
sentiment_warm,3,1790798706,1790799361,bucket,1.0,3206,3446
sentiment_warm,3,1790798706,1790799361,bucket,1.5,3206,3446
sentiment_warm,3,1790798706,1790799361,bucket,10.0,3208,3448
sentiment_warm,3,1790798706,1790799361,bucket,2.0,3206,3446
sentiment_warm,3,1790798706,1790799361,bucket,2.5,3206,3446
sentiment_warm,3,1790798706,1790799361,bucket,3.0,3206,3446
sentiment_warm,3,1790798706,1790799361,bucket,3.5,3206,3446
sentiment_warm,3,1790798706,1790799361,bucket,30.0,3208,3448
sentiment_warm,3,1790798706,1790799361,bucket,4.0,3206,3446
sentiment_warm,3,1790798706,1790799361,bucket,4.5,3206,3446
sentiment_warm,3,1790798706,1790799361,bucket,5.0,3206,3446
sentiment_warm,3,1790798706,1790799361,bucket,60.0,3208,3448
sentiment_warm,3,1790798706,1790799361,bucket,7.5,3207,3447
sentiment_cold,3,1790799698,1790800354,requests,/ 2xx,23,23
sentiment_cold,3,1790799698,1790800354,requests,/ 4xx,4,4
sentiment_cold,3,1790799698,1790800354,requests,/api/v1/search/semantic 2xx,1440,1440
sentiment_cold,3,1790799698,1790800354,requests,/api/v1/sentiment/{ticker} 2xx,1931,2171
sentiment_cold,3,1790799698,1790800354,requests,/docs 2xx,2,2
sentiment_cold,3,1790799698,1790800354,requests,none 4xx,48,48
sentiment_cold,3,1790799698,1790800354,bucket,+Inf,3448,3688
sentiment_cold,3,1790799698,1790800354,bucket,0.01,1967,1967
sentiment_cold,3,1790799698,1790800354,bucket,0.025,2027,2027
sentiment_cold,3,1790799698,1790800354,bucket,0.05,2712,2730
sentiment_cold,3,1790799698,1790800354,bucket,0.075,3137,3290
sentiment_cold,3,1790799698,1790800354,bucket,0.1,3437,3674
sentiment_cold,3,1790799698,1790800354,bucket,0.25,3442,3682
sentiment_cold,3,1790799698,1790800354,bucket,0.5,3443,3683
sentiment_cold,3,1790799698,1790800354,bucket,0.75,3446,3686
sentiment_cold,3,1790799698,1790800354,bucket,1.0,3446,3686
sentiment_cold,3,1790799698,1790800354,bucket,1.5,3446,3686
sentiment_cold,3,1790799698,1790800354,bucket,10.0,3448,3688
sentiment_cold,3,1790799698,1790800354,bucket,2.0,3446,3686
sentiment_cold,3,1790799698,1790800354,bucket,2.5,3446,3686
sentiment_cold,3,1790799698,1790800354,bucket,3.0,3446,3686
sentiment_cold,3,1790799698,1790800354,bucket,3.5,3446,3686
sentiment_cold,3,1790799698,1790800354,bucket,30.0,3448,3688
sentiment_cold,3,1790799698,1790800354,bucket,4.0,3446,3686
sentiment_cold,3,1790799698,1790800354,bucket,4.5,3446,3686
sentiment_cold,3,1790799698,1790800354,bucket,5.0,3446,3686
sentiment_cold,3,1790799698,1790800354,bucket,60.0,3448,3688
sentiment_cold,3,1790799698,1790800354,bucket,7.5,3447,3687
search_warm,3,1790800693,1790801346,requests,/ 2xx,23,23
search_warm,3,1790800693,1790801346,requests,/ 4xx,4,4
search_warm,3,1790800693,1790801346,requests,/api/v1/search/semantic 2xx,1440,1680
search_warm,3,1790800693,1790801346,requests,/api/v1/sentiment/{ticker} 2xx,2171,2171
search_warm,3,1790800693,1790801346,requests,/docs 2xx,2,2
search_warm,3,1790800693,1790801346,requests,none 4xx,48,48
search_warm,3,1790800693,1790801346,bucket,+Inf,3688,3928
search_warm,3,1790800693,1790801346,bucket,0.01,1967,2203
search_warm,3,1790800693,1790801346,bucket,0.025,2027,2265
search_warm,3,1790800693,1790801346,bucket,0.05,2730,2969
search_warm,3,1790800693,1790801346,bucket,0.075,3290,3530
search_warm,3,1790800693,1790801346,bucket,0.1,3674,3914
search_warm,3,1790800693,1790801346,bucket,0.25,3682,3922
search_warm,3,1790800693,1790801346,bucket,0.5,3683,3923
search_warm,3,1790800693,1790801346,bucket,0.75,3686,3926
search_warm,3,1790800693,1790801346,bucket,1.0,3686,3926
search_warm,3,1790800693,1790801346,bucket,1.5,3686,3926
search_warm,3,1790800693,1790801346,bucket,10.0,3688,3928
search_warm,3,1790800693,1790801346,bucket,2.0,3686,3926
search_warm,3,1790800693,1790801346,bucket,2.5,3686,3926
search_warm,3,1790800693,1790801346,bucket,3.0,3686,3926
search_warm,3,1790800693,1790801346,bucket,3.5,3686,3926
search_warm,3,1790800693,1790801346,bucket,30.0,3688,3928
search_warm,3,1790800693,1790801346,bucket,4.0,3686,3926
search_warm,3,1790800693,1790801346,bucket,4.5,3686,3926
search_warm,3,1790800693,1790801346,bucket,5.0,3686,3926
search_warm,3,1790800693,1790801346,bucket,60.0,3688,3928
search_warm,3,1790800693,1790801346,bucket,7.5,3687,3927
search_cold,3,1790802318,1790802971,requests,/ 2xx,23,23
search_cold,3,1790802318,1790802971,requests,/ 4xx,4,4
search_cold,3,1790802318,1790802971,requests,/api/v1/search/semantic 2xx,1680,1920
search_cold,3,1790802318,1790802971,requests,/api/v1/sentiment/{ticker} 2xx,2171,2171
search_cold,3,1790802318,1790802971,requests,/docs 2xx,2,2
search_cold,3,1790802318,1790802971,requests,none 4xx,48,48
search_cold,3,1790802318,1790802971,bucket,+Inf,3928,4168
search_cold,3,1790802318,1790802971,bucket,0.01,2203,2203
search_cold,3,1790802318,1790802971,bucket,0.025,2265,2277
search_cold,3,1790802318,1790802971,bucket,0.05,2969,3200
search_cold,3,1790802318,1790802971,bucket,0.075,3530,3769
search_cold,3,1790802318,1790802971,bucket,0.1,3914,4154
search_cold,3,1790802318,1790802971,bucket,0.25,3922,4162
search_cold,3,1790802318,1790802971,bucket,0.5,3923,4163
search_cold,3,1790802318,1790802971,bucket,0.75,3926,4166
search_cold,3,1790802318,1790802971,bucket,1.0,3926,4166
search_cold,3,1790802318,1790802971,bucket,1.5,3926,4166
search_cold,3,1790802318,1790802971,bucket,10.0,3928,4168
search_cold,3,1790802318,1790802971,bucket,2.0,3926,4166
search_cold,3,1790802318,1790802971,bucket,2.5,3926,4166
search_cold,3,1790802318,1790802971,bucket,3.0,3926,4166
search_cold,3,1790802318,1790802971,bucket,3.5,3926,4166
search_cold,3,1790802318,1790802971,bucket,30.0,3928,4168
search_cold,3,1790802318,1790802971,bucket,4.0,3926,4166
search_cold,3,1790802318,1790802971,bucket,4.5,3926,4166
search_cold,3,1790802318,1790802971,bucket,5.0,3926,4166
search_cold,3,1790802318,1790802971,bucket,60.0,3928,4168
search_cold,3,1790802318,1790802971,bucket,7.5,3927,4167
