view,subject,metric,value,ci95_low,ci95_high,unit
all_history,MLOps: Sentiment Enrichment,runs_n_unknown,0,,,excluded: no batch line in the log
all_history,MLOps: Sentiment Enrichment,runs_n_zero,108,,,
all_history,MLOps: Sentiment Enrichment,median_seconds_n_zero,5.27,5.25,5.31,"s, no model loaded"
all_history,MLOps: Sentiment Enrichment,runs_n_positive,4146,,,
all_history,MLOps: Sentiment Enrichment,median_n,17.0,,,articles
all_history,MLOps: Sentiment Enrichment,median_seconds_n_positive,7.34,,,s
all_history,MLOps: Sentiment Enrichment,fixed_a,6.54,6.36,6.79,s per run
all_history,MLOps: Sentiment Enrichment,per_article_b,56.1,46.0,65.2,ms per article
all_history,MLOps: Sentiment Enrichment,median_seconds_n_1_5,6.52,,,"s, 392 runs"
all_history,MLOps: Sentiment Enrichment,median_seconds_n_6_10,6.77,,,"s, 679 runs"
all_history,MLOps: Sentiment Enrichment,median_seconds_n_11_20,7.18,,,"s, 1534 runs"
all_history,MLOps: Sentiment Enrichment,median_seconds_n_21_50,7.89,,,"s, 1540 runs"
all_history,MLOps: Sentiment Enrichment,median_seconds_n_101_10000,17.17,,,"s, 1 runs"
all_history,MLOps: Vector Indexing,runs_n_unknown,335,,,excluded: no batch line in the log
all_history,MLOps: Vector Indexing,runs_n_zero,108,,,
all_history,MLOps: Vector Indexing,median_seconds_n_zero,1.57,1.55,1.58,"s, no model loaded"
all_history,MLOps: Vector Indexing,runs_n_positive,3811,,,
all_history,MLOps: Vector Indexing,median_n,17,,,articles
all_history,MLOps: Vector Indexing,median_seconds_n_positive,8.43,,,s
all_history,MLOps: Vector Indexing,fixed_a,8.43,8.36,8.50,s per run
all_history,MLOps: Vector Indexing,per_article_b,10.8,6.7,15.2,ms per article
all_history,MLOps: Vector Indexing,median_seconds_n_1_5,8.36,,,"s, 363 runs"
all_history,MLOps: Vector Indexing,median_seconds_n_6_10,8.35,,,"s, 624 runs"
all_history,MLOps: Vector Indexing,median_seconds_n_11_20,8.41,,,"s, 1419 runs"
all_history,MLOps: Vector Indexing,median_seconds_n_21_50,8.49,,,"s, 1404 runs"
all_history,MLOps: Vector Indexing,median_seconds_n_101_10000,14.03,,,"s, 1 runs"
current_image,MLOps: Sentiment Enrichment,runs_n_unknown,0,,,excluded: no batch line in the log
current_image,MLOps: Sentiment Enrichment,runs_n_zero,5,,,
current_image,MLOps: Sentiment Enrichment,median_seconds_n_zero,5.35,5.28,5.41,"s, no model loaded"
current_image,MLOps: Sentiment Enrichment,runs_n_positive,84,,,
current_image,MLOps: Sentiment Enrichment,median_n,8.0,,,articles
current_image,MLOps: Sentiment Enrichment,median_seconds_n_positive,7.83,,,s
current_image,MLOps: Sentiment Enrichment,fixed_a,7.12,6.97,7.26,s per run
current_image,MLOps: Sentiment Enrichment,per_article_b,105.5,85.1,130.5,ms per article
current_image,MLOps: Sentiment Enrichment,median_seconds_n_1_5,7.42,,,"s, 34 runs"
current_image,MLOps: Sentiment Enrichment,median_seconds_n_6_10,7.93,,,"s, 22 runs"
current_image,MLOps: Sentiment Enrichment,median_seconds_n_11_20,8.46,,,"s, 28 runs"
current_image,MLOps: Vector Indexing,runs_n_unknown,0,,,excluded: no batch line in the log
current_image,MLOps: Vector Indexing,runs_n_zero,5,,,
current_image,MLOps: Vector Indexing,median_seconds_n_zero,1.54,1.50,1.65,"s, no model loaded"
current_image,MLOps: Vector Indexing,runs_n_positive,84,,,
current_image,MLOps: Vector Indexing,median_n,8.0,,,articles
current_image,MLOps: Vector Indexing,median_seconds_n_positive,9.21,,,s
current_image,MLOps: Vector Indexing,fixed_a,8.97,8.69,9.17,s per run
current_image,MLOps: Vector Indexing,per_article_b,45.8,15.3,92.2,ms per article
current_image,MLOps: Vector Indexing,median_seconds_n_1_5,9.12,,,"s, 34 runs"
current_image,MLOps: Vector Indexing,median_seconds_n_6_10,9.25,,,"s, 22 runs"
current_image,MLOps: Vector Indexing,median_seconds_n_11_20,9.34,,,"s, 28 runs"
probe,python_empty,first,0.03,,,s
probe,python_empty,median,0.01,0.01,0.01,"s, 29 repetitions"
probe,import_torch_transformers,first,2.29,,,s
probe,import_torch_transformers,median,2.32,2.29,2.34,"s, 29 repetitions"
probe,import_sentiment_stage,first,5.26,,,s
probe,import_sentiment_stage,median,5.21,5.19,5.30,"s, 29 repetitions"
probe,load_sentiment_models,first,7.10,,,s
probe,load_sentiment_models,median,7.04,7.01,7.07,"s, 29 repetitions"
probe,load_sentiment_models_offline,first,6.09,,,s
probe,load_sentiment_models_offline,median,6.12,6.08,6.19,"s, 29 repetitions"
probe,import_vector_stage,first,1.59,,,s
probe,import_vector_stage,median,1.47,1.44,1.47,"s, 29 repetitions"
probe,load_vector_model,first,8.89,,,s
probe,load_vector_model,median,9.04,8.94,9.11,"s, 29 repetitions"
probe,load_vector_model_offline,first,6.80,,,s
probe,load_vector_model_offline,median,6.47,6.42,6.54,"s, 29 repetitions"
breakdown,MLOps: Sentiment Enrichment,interpreter_start,0.01,,,"s, 0 % of 7.96 s at N = 8"
breakdown,MLOps: Sentiment Enrichment,imports,5.20,5.18,5.29,"s, 65 % of 7.96 s at N = 8"
breakdown,MLOps: Sentiment Enrichment,model_load_offline,0.91,0.82,0.98,"s, 11 % of 7.96 s at N = 8"
breakdown,MLOps: Sentiment Enrichment,hub_check,0.92,0.84,0.98,"s, 12 % of 7.96 s at N = 8"
breakdown,MLOps: Sentiment Enrichment,rest_of_fixed,0.08,,,"s, 1 % of 7.96 s at N = 8"
breakdown,MLOps: Sentiment Enrichment,articles_at_median_n,0.84,,,"s, 11 % of 7.96 s at N = 8"
breakdown,MLOps: Vector Indexing,interpreter_start,0.01,,,"s, 0 % of 9.33 s at N = 8"
breakdown,MLOps: Vector Indexing,imports,1.45,1.43,1.46,"s, 16 % of 9.33 s at N = 8"
breakdown,MLOps: Vector Indexing,model_load_offline,5.01,4.96,5.09,"s, 54 % of 9.33 s at N = 8"
breakdown,MLOps: Vector Indexing,hub_check,2.56,2.42,2.67,"s, 27 % of 9.33 s at N = 8"
breakdown,MLOps: Vector Indexing,rest_of_fixed,-0.07,,,"s, -1 % of 9.33 s at N = 8"
breakdown,MLOps: Vector Indexing,articles_at_median_n,0.37,,,"s, 4 % of 9.33 s at N = 8"
