measurement,repetition,ms
python_empty,1,14.1
python_empty,2,13.8
python_empty,3,13.3
python_empty,4,13.0
python_empty,5,12.9
python_empty,6,13.2
python_empty,7,35.5
python_empty,8,25.0
python_empty,9,13.9
python_empty,10,19.7
python_empty,11,18.7
python_empty,12,13.5
python_empty,13,13.5
python_empty,14,25.7
python_empty,15,13.7
python_empty,16,22.7
python_empty,17,14.7
python_empty,18,13.1
python_empty,19,13.4
python_empty,20,13.4
python_empty,21,13.1
python_empty,22,12.9
python_empty,23,13.6
python_empty,24,16.9
python_empty,25,13.1
python_empty,26,12.6
python_empty,27,12.7
python_empty,28,25.7
python_empty,29,13.9
python_empty,30,14.5
import_scrapy,1,585.6
import_scrapy,2,568.8
import_scrapy,3,536.9
import_scrapy,4,577.3
import_scrapy,5,567.7
import_scrapy,6,576.6
import_scrapy,7,561.8
import_scrapy,8,588.1
import_scrapy,9,586.7
import_scrapy,10,553.4
import_scrapy,11,598.8
import_scrapy,12,569.6
import_scrapy,13,583.7
import_scrapy,14,567.7
import_scrapy,15,577.8
import_scrapy,16,588.6
import_scrapy,17,578.4
import_scrapy,18,565.6
import_scrapy,19,572.7
import_scrapy,20,584.5
import_scrapy,21,592.5
import_scrapy,22,562.0
import_scrapy,23,579.9
import_scrapy,24,547.7
import_scrapy,25,567.8
import_scrapy,26,603.3
import_scrapy,27,557.4
import_scrapy,28,553.6
import_scrapy,29,540.1
import_scrapy,30,545.7
import_sqlalchemy,1,393.3
import_sqlalchemy,2,444.9
import_sqlalchemy,3,406.4
import_sqlalchemy,4,428.5
import_sqlalchemy,5,433.9
import_sqlalchemy,6,400.8
import_sqlalchemy,7,410.0
import_sqlalchemy,8,400.8
import_sqlalchemy,9,402.6
import_sqlalchemy,10,404.9
import_sqlalchemy,11,404.2
import_sqlalchemy,12,404.6
import_sqlalchemy,13,421.4
import_sqlalchemy,14,399.1
import_sqlalchemy,15,391.5
import_sqlalchemy,16,398.4
import_sqlalchemy,17,423.5
import_sqlalchemy,18,419.5
import_sqlalchemy,19,462.7
import_sqlalchemy,20,414.3
import_sqlalchemy,21,405.6
import_sqlalchemy,22,428.5
import_sqlalchemy,23,429.2
import_sqlalchemy,24,419.3
import_sqlalchemy,25,412.8
import_sqlalchemy,26,423.0
import_sqlalchemy,27,432.2
import_sqlalchemy,28,398.0
import_sqlalchemy,29,434.4
import_sqlalchemy,30,397.0
extraction_startup,1,730.6
extraction_startup,2,792.2
extraction_startup,3,768.1
extraction_startup,4,765.7
extraction_startup,5,761.6
extraction_startup,6,719.8
extraction_startup,7,751.0
extraction_startup,8,710.3
extraction_startup,9,748.0
extraction_startup,10,755.8
extraction_startup,11,748.3
extraction_startup,12,744.0
extraction_startup,13,737.2
extraction_startup,14,754.1
extraction_startup,15,741.0
extraction_startup,16,746.4
extraction_startup,17,748.6
extraction_startup,18,756.0
extraction_startup,19,747.6
extraction_startup,20,765.2
extraction_startup,21,736.6
extraction_startup,22,765.7
extraction_startup,23,715.6
extraction_startup,24,726.3
extraction_startup,25,767.5
extraction_startup,26,742.5
extraction_startup,27,732.8
extraction_startup,28,719.7
extraction_startup,29,706.9
extraction_startup,30,733.6
load_startup,1,612.9
load_startup,2,604.2
load_startup,3,646.3
load_startup,4,621.6
load_startup,5,663.1
load_startup,6,637.4
load_startup,7,653.8
load_startup,8,635.8
load_startup,9,601.7
load_startup,10,645.1
load_startup,11,590.6
load_startup,12,606.1
load_startup,13,624.4
load_startup,14,623.5
load_startup,15,656.1
load_startup,16,603.9
load_startup,17,608.7
load_startup,18,623.0
load_startup,19,638.4
load_startup,20,632.7
load_startup,21,636.3
load_startup,22,650.9
load_startup,23,637.3
load_startup,24,618.2
load_startup,25,642.6
load_startup,26,617.4
load_startup,27,630.4
load_startup,28,640.9
load_startup,29,647.8
load_startup,30,642.9
