mode,batch_size,rep,articles,wall_ms,cpu_ms,rss_mb,peak_rss_mb,load_ms,load_rss_mb
production,1,1,64,3732.6,8042.5,893.2,893.2,489,848.1
production,1,2,64,3536.9,7713.2,893.2,893.2,489,848.1
production,1,3,64,4088.7,8912.2,893.2,893.2,489,848.1
production,1,4,64,3837.4,8363.7,893.2,893.2,489,848.1
production,1,5,64,4056.5,8842.8,893.4,893.4,489,848.1
production,1,6,64,5777.0,12583.7,893.4,893.4,489,848.1
production,1,7,64,4353.5,9493.1,893.4,893.4,489,848.1
production,1,8,64,3871.0,8444.4,893.4,893.4,489,848.1
production,1,9,64,4979.9,10839.9,893.4,893.4,489,848.1
production,1,10,64,4704.4,10267.5,893.4,893.4,489,848.1
production,1,11,64,4244.3,9255.1,893.4,893.4,489,848.1
production,1,12,64,4403.5,9613.9,893.4,893.4,489,848.1
production,1,13,64,4554.1,9930.8,893.4,893.4,489,848.1
production,1,14,64,5081.5,11080.1,893.4,893.4,489,848.1
production,1,15,64,4759.3,10383.6,893.4,893.4,489,848.1
production,1,16,64,4396.7,9596.0,893.4,893.4,489,848.1
production,1,17,64,4592.7,10015.1,893.4,893.4,489,848.1
production,1,18,64,4536.6,9901.4,893.4,893.4,489,848.1
production,1,19,64,5042.9,10998.0,893.4,893.4,489,848.1
production,1,20,64,4568.9,9967.8,893.4,893.4,489,848.1
production,1,21,64,4529.2,9879.8,893.4,893.4,489,848.1
production,1,22,64,4825.8,10531.7,893.4,893.4,489,848.1
production,1,23,64,5394.1,11758.1,893.4,893.4,489,848.1
production,1,24,64,4844.2,10564.0,893.4,893.4,489,848.1
production,1,25,64,5064.8,11042.4,893.4,893.4,489,848.1
production,1,26,64,5293.2,11541.8,893.4,893.4,489,848.1
production,1,27,64,5913.1,12904.1,893.4,893.4,489,848.1
production,1,28,64,5433.4,11849.6,893.4,893.4,489,848.1
production,1,29,64,5798.9,12646.2,893.4,893.4,489,848.1
production,1,30,64,6422.8,14003.9,893.4,893.4,489,848.1
batched,1,1,64,7381.4,16003.2,896.5,896.5,912,847.7
batched,1,2,64,8440.5,18252.6,896.5,896.5,912,847.7
batched,1,3,64,6761.1,14645.4,896.5,896.5,912,847.7
batched,1,4,64,10198.1,21928.9,896.5,896.5,912,847.7
batched,1,5,64,9599.1,20729.0,896.5,896.5,912,847.7
batched,1,6,64,6755.9,14706.8,896.5,896.5,912,847.7
batched,1,7,64,5757.1,12549.3,896.5,896.5,912,847.7
batched,1,8,64,5008.1,10920.5,896.5,896.5,912,847.7
batched,1,9,64,6596.0,14323.1,896.5,896.5,912,847.7
batched,1,10,64,7313.5,15933.0,896.5,896.5,912,847.7
batched,1,11,64,8162.7,17601.6,896.5,896.5,912,847.7
batched,1,12,64,8410.9,18163.1,896.5,896.5,912,847.7
batched,1,13,64,5908.0,12886.4,896.5,896.5,912,847.7
batched,1,14,64,4886.1,10653.6,896.5,896.5,912,847.7
batched,1,15,64,4874.5,10640.8,896.5,896.5,912,847.7
batched,1,16,64,5180.7,11300.8,896.5,896.5,912,847.7
batched,1,17,64,5219.1,11382.1,896.5,896.5,912,847.7
batched,1,18,64,5016.8,10947.4,896.5,896.5,912,847.7
batched,1,19,64,4909.1,10711.2,896.5,896.5,912,847.7
batched,1,20,64,4970.6,10843.9,896.5,896.5,912,847.7
batched,1,21,64,4900.7,10691.3,896.5,896.5,912,847.7
batched,1,22,64,5216.6,11374.0,896.5,896.5,912,847.7
batched,1,23,64,5086.9,11101.0,896.5,896.5,912,847.7
batched,1,24,64,4973.4,10846.1,896.5,896.5,912,847.7
batched,1,25,64,5039.8,10994.7,896.5,896.5,912,847.7
batched,1,26,64,5073.7,11076.2,896.5,896.5,912,847.7
batched,1,27,64,5722.5,12469.5,896.5,896.5,912,847.7
batched,1,28,64,5029.6,10973.5,896.5,896.5,912,847.7
batched,1,29,64,5041.4,10997.0,896.5,896.5,912,847.7
batched,1,30,64,5228.8,11409.2,896.5,896.5,912,847.7
batched,2,1,64,4932.9,10739.8,903.2,903.2,873,847.8
batched,2,2,64,4644.9,10124.3,903.2,903.2,873,847.8
batched,2,3,64,4607.6,10049.4,903.2,903.2,873,847.8
batched,2,4,64,4792.1,10446.9,903.2,903.2,873,847.8
batched,2,5,64,4882.4,10644.0,903.2,903.2,873,847.8
batched,2,6,64,4841.3,10550.2,903.2,903.2,873,847.8
batched,2,7,64,4862.1,10611.2,903.2,903.2,873,847.8
batched,2,8,64,4997.3,10889.8,903.2,903.2,873,847.8
batched,2,9,64,4902.3,10699.6,903.2,903.2,873,847.8
batched,2,10,64,5144.3,11213.6,903.2,903.2,873,847.8
batched,2,11,64,4936.3,10768.8,903.2,903.2,873,847.8
batched,2,12,64,4934.1,10755.4,903.2,903.2,873,847.8
batched,2,13,64,5138.0,11206.2,903.2,903.2,873,847.8
batched,2,14,64,5716.2,12436.9,903.2,903.2,873,847.8
batched,2,15,64,5397.9,11762.8,903.2,903.2,873,847.8
batched,2,16,64,5377.9,11708.7,903.2,903.2,873,847.8
batched,2,17,64,5353.0,11681.9,903.2,903.2,873,847.8
batched,2,18,64,5321.9,11602.6,903.2,903.2,873,847.8
batched,2,19,64,5404.8,11777.2,903.2,903.2,873,847.8
batched,2,20,64,5802.2,12656.7,903.2,903.2,873,847.8
batched,2,21,64,5839.9,12723.7,903.2,903.2,873,847.8
batched,2,22,64,7171.8,15604.8,903.2,903.2,873,847.8
batched,2,23,64,6531.1,14205.2,903.2,903.2,873,847.8
batched,2,24,64,8692.7,18851.7,903.2,903.2,873,847.8
batched,2,25,64,7918.3,17202.4,903.2,903.2,873,847.8
batched,2,26,64,6556.6,14268.3,903.2,903.2,873,847.8
batched,2,27,64,5916.7,12869.3,903.2,903.2,873,847.8
batched,2,28,64,6340.3,13817.3,903.2,903.2,873,847.8
batched,2,29,64,5716.8,12457.9,903.2,903.2,873,847.8
batched,2,30,64,6250.9,13619.5,903.2,903.2,873,847.8
batched,4,1,64,5799.7,12610.1,905.7,905.7,588,848.2
batched,4,2,64,6031.3,13134.7,905.7,905.7,588,848.2
batched,4,3,64,6052.1,13176.1,905.7,905.7,588,848.2
batched,4,4,64,5574.7,12150.4,905.7,905.7,588,848.2
batched,4,5,64,5788.4,12605.3,905.7,905.7,588,848.2
batched,4,6,64,5595.0,12184.5,905.7,905.7,588,848.2
batched,4,7,64,5731.1,12487.4,905.7,905.7,588,848.2
batched,4,8,64,6130.4,13345.4,905.7,905.7,588,848.2
batched,4,9,64,5921.2,12898.1,905.7,905.7,588,848.2
batched,4,10,64,5882.1,12821.6,905.7,905.7,588,848.2
batched,4,11,64,5982.2,13030.0,905.7,905.7,588,848.2
batched,4,12,64,6136.8,13370.9,905.7,905.7,588,848.2
batched,4,13,64,5983.5,13027.4,905.7,905.7,588,848.2
batched,4,14,64,5888.6,12829.9,905.7,905.7,588,848.2
batched,4,15,64,5963.4,12988.5,905.7,905.7,588,848.2
batched,4,16,64,5550.0,12083.5,905.7,905.7,588,848.2
batched,4,17,64,5933.2,12926.8,905.7,905.7,588,848.2
batched,4,18,64,5965.5,12990.3,905.7,905.7,588,848.2
batched,4,19,64,5598.5,12200.3,905.7,905.7,588,848.2
batched,4,20,64,5765.2,12566.7,905.7,905.7,588,848.2
batched,4,21,64,5933.7,12914.2,905.7,905.7,588,848.2
batched,4,22,64,5660.4,12324.4,905.7,905.7,588,848.2
batched,4,23,64,6313.4,13745.9,905.7,905.7,588,848.2
batched,4,24,64,6641.6,14458.0,905.7,905.7,588,848.2
batched,4,25,64,6315.7,13745.3,905.7,905.7,588,848.2
batched,4,26,64,5872.4,12781.7,905.7,905.7,588,848.2
batched,4,27,64,6014.6,13094.0,905.7,905.7,588,848.2
batched,4,28,64,6074.1,13207.7,905.7,905.7,588,848.2
batched,4,29,64,6881.5,14978.9,905.7,905.7,588,848.2
batched,4,30,64,6186.5,13446.7,905.7,905.7,588,848.2
batched,8,1,64,6563.6,14272.6,882.1,926.2,535,848.3
batched,8,2,64,6672.4,14519.5,882.1,926.2,535,848.3
batched,8,3,64,7312.4,15851.6,882.2,926.2,535,848.3
batched,8,4,64,7462.6,16226.5,882.2,926.2,535,848.3
batched,8,5,64,7165.3,15579.3,882.1,926.2,535,848.3
batched,8,6,64,6765.6,14706.6,882.3,926.2,535,848.3
batched,8,7,64,8898.6,19261.9,882.2,926.2,535,848.3
batched,8,8,64,7421.8,16120.4,882.1,926.2,535,848.3
batched,8,9,64,6781.7,14754.9,882.0,926.2,535,848.3
batched,8,10,64,6768.9,14723.8,882.2,926.2,535,848.3
batched,8,11,64,6662.8,14487.9,882.2,926.2,535,848.3
batched,8,12,64,7095.0,15406.3,882.1,926.2,535,848.3
batched,8,13,64,7140.8,15518.3,882.3,926.2,535,848.3
batched,8,14,64,7064.9,15366.4,882.2,926.2,535,848.3
batched,8,15,64,7352.5,15963.2,882.1,926.2,535,848.3
batched,8,16,64,7257.2,15772.6,882.3,926.2,535,848.3
batched,8,17,64,6711.9,14594.2,882.2,926.2,535,848.3
batched,8,18,64,6800.3,14793.9,882.2,926.2,535,848.3
batched,8,19,64,6786.7,14746.5,882.1,926.2,535,848.3
batched,8,20,64,6803.5,14788.6,882.3,926.2,535,848.3
batched,8,21,64,6673.8,14515.1,882.2,926.2,535,848.3
batched,8,22,64,7167.0,15552.9,882.1,926.2,535,848.3
batched,8,23,64,8311.1,17926.1,882.3,926.2,535,848.3
batched,8,24,64,8356.2,17977.3,882.2,926.2,535,848.3
batched,8,25,64,9708.9,20878.5,882.2,926.2,535,848.3
batched,8,26,64,9404.9,20091.4,882.1,926.2,535,848.3
batched,8,27,64,7227.3,15687.8,882.3,926.2,535,848.3
batched,8,28,64,7058.3,15335.7,882.2,926.2,535,848.3
batched,8,29,64,6762.7,14702.9,882.1,926.2,535,848.3
batched,8,30,64,6857.5,14905.0,882.3,926.2,535,848.3
batched,16,1,64,9932.8,21468.7,902.5,963.7,598,847.8
batched,16,2,64,9213.3,19968.9,902.6,963.7,598,847.8
batched,16,3,64,8740.3,18999.7,902.4,963.7,598,847.8
batched,16,4,64,8701.1,18929.9,902.5,963.7,598,847.8
batched,16,5,64,8994.6,19457.2,902.6,963.7,598,847.8
batched,16,6,64,9780.1,21179.8,902.4,963.7,598,847.8
batched,16,7,64,8963.5,19435.5,902.5,963.7,598,847.8
batched,16,8,64,8952.7,19464.9,902.6,963.7,598,847.8
batched,16,9,64,8638.7,18775.5,902.4,963.7,598,847.8
batched,16,10,64,8528.5,18551.4,902.4,963.7,598,847.8
batched,16,11,64,9382.9,20359.7,902.5,963.7,598,847.8
batched,16,12,64,8886.8,19339.9,902.6,963.7,598,847.8
batched,16,13,64,10157.2,21980.1,902.4,963.7,598,847.8
batched,16,14,64,9605.6,20879.8,902.5,963.7,598,847.8
batched,16,15,64,9183.5,19898.6,902.5,963.7,598,847.8
batched,16,16,64,8980.5,19501.5,902.6,963.7,598,847.8
batched,16,17,64,8955.6,19454.9,902.4,963.7,598,847.8
batched,16,18,64,9125.4,19829.2,902.5,963.7,598,847.8
batched,16,19,64,8676.6,18867.9,902.6,963.7,598,847.8
batched,16,20,64,8918.6,19378.9,902.4,963.7,598,847.8
batched,16,21,64,8754.6,19031.0,902.4,963.7,598,847.8
batched,16,22,64,8803.4,19142.8,902.5,963.7,598,847.8
batched,16,23,64,8647.9,18821.3,902.6,963.7,598,847.8
batched,16,24,64,9052.5,19679.3,902.4,963.7,598,847.8
batched,16,25,64,8768.3,19067.2,902.5,963.7,598,847.8
batched,16,26,64,8721.2,18938.3,902.6,963.7,598,847.8
batched,16,27,64,8879.1,19297.8,902.4,963.7,598,847.8
batched,16,28,64,8760.4,19060.6,902.5,963.7,598,847.8
batched,16,29,64,8687.9,18887.0,902.5,963.7,598,847.8
batched,16,30,64,8873.2,19295.2,902.4,963.7,598,847.8
batched,32,1,64,9255.2,20045.4,891.8,1058.9,682,848.1
batched,32,2,64,9592.3,20762.3,891.6,1070.1,682,848.1
batched,32,3,64,9382.5,20287.1,891.7,1070.1,682,848.1
batched,32,4,64,9635.8,20851.7,891.6,1070.1,682,848.1
batched,32,5,64,9462.8,20463.0,891.7,1070.1,682,848.1
batched,32,6,64,9384.5,20355.0,891.8,1070.2,682,848.1
batched,32,7,64,9176.9,19930.1,891.7,1070.2,682,848.1
batched,32,8,64,9462.2,20482.8,891.8,1070.2,682,848.1
batched,32,9,64,9326.0,20215.7,891.6,1070.2,682,848.1
batched,32,10,64,9494.6,20599.0,891.8,1070.2,682,848.1
batched,32,11,64,9249.8,20028.1,891.6,1070.2,682,848.1
batched,32,12,64,9263.8,20069.5,891.7,1070.2,682,848.1
batched,32,13,64,9415.6,20418.9,891.6,1070.2,682,848.1
batched,32,14,64,9363.8,20322.0,891.7,1070.2,682,848.1
batched,32,15,64,9359.4,20271.8,891.6,1070.2,682,848.1
batched,32,16,64,9445.5,20415.4,891.7,1070.2,682,848.1
batched,32,17,64,9810.7,21269.2,891.8,1070.2,682,848.1
batched,32,18,64,9878.7,21378.4,891.7,1070.2,682,848.1
batched,32,19,64,10020.6,21749.2,891.8,1070.2,682,848.1
batched,32,20,64,9473.7,20547.6,891.6,1070.2,682,848.1
batched,32,21,64,9317.3,20119.2,891.8,1070.2,682,848.1
batched,32,22,64,10411.2,22417.3,891.6,1070.2,682,848.1
batched,32,23,64,11391.5,24489.5,891.7,1070.2,682,848.1
batched,32,24,64,10857.7,23321.4,891.6,1070.2,682,848.1
batched,32,25,64,10843.7,23286.7,891.7,1070.2,682,848.1
batched,32,26,64,10504.0,22526.4,891.6,1070.2,682,848.1
batched,32,27,64,10424.7,22501.8,891.7,1070.2,682,848.1
batched,32,28,64,10441.2,22475.6,891.8,1070.2,682,848.1
batched,32,29,64,10838.8,23322.0,891.7,1070.2,682,848.1
batched,32,30,64,10820.3,23288.4,891.8,1070.2,682,848.1
batched,64,1,64,10567.1,22729.3,910.3,1244.2,642,848.1
batched,64,2,64,10778.8,23170.9,910.4,1267.1,642,848.1
batched,64,3,64,10702.4,22926.5,910.2,1267.2,642,848.1
batched,64,4,64,9591.4,20719.4,910.2,1267.2,642,848.1
batched,64,5,64,9277.3,20114.0,910.2,1267.2,642,848.1
batched,64,6,64,9319.7,20109.4,910.2,1267.2,642,848.1
batched,64,7,64,9398.2,20375.2,910.2,1267.2,642,848.1
batched,64,8,64,9427.6,20429.5,910.2,1267.2,642,848.1
batched,64,9,64,9213.0,20030.7,910.3,1267.2,642,848.1
batched,64,10,64,9204.1,20018.9,910.2,1267.2,642,848.1
batched,64,11,64,10518.3,22816.0,910.3,1267.2,642,848.1
batched,64,12,64,8962.0,19489.7,910.4,1267.2,642,848.1
batched,64,13,64,9015.5,19607.1,910.2,1267.2,642,848.1
batched,64,14,64,9367.4,20292.1,910.2,1267.2,642,848.1
batched,64,15,64,9284.1,20139.8,910.4,1267.2,642,848.1
batched,64,16,64,9176.9,19849.5,910.4,1267.2,642,848.1
batched,64,17,64,9214.0,19944.7,910.2,1267.2,642,848.1
batched,64,18,64,9218.3,19947.8,910.3,1267.2,642,848.1
batched,64,19,64,9470.2,20526.3,910.3,1267.2,642,848.1
batched,64,20,64,9299.8,20118.2,910.3,1267.2,642,848.1
batched,64,21,64,9175.5,19908.4,910.2,1267.2,642,848.1
batched,64,22,64,9223.5,19930.1,910.4,1267.2,642,848.1
batched,64,23,64,9549.3,20627.8,910.4,1267.2,642,848.1
batched,64,24,64,9518.9,20589.2,910.4,1267.2,642,848.1
batched,64,25,64,9221.9,19896.6,910.4,1267.2,642,848.1
batched,64,26,64,9738.2,21016.4,910.2,1267.2,642,848.1
batched,64,27,64,9510.1,20546.8,910.3,1267.2,642,848.1
batched,64,28,64,9350.2,20273.5,910.2,1267.2,642,848.1
batched,64,29,64,9567.9,20739.6,910.2,1267.3,642,848.1
batched,64,30,64,9016.1,19538.4,910.3,1267.3,642,848.1
